COM_A	ASP614:LYS854
31.153	2.60
31.223	2.78
31.281	2.70
31.257	2.74
31.019	2.83
30.903	2.83
31.316	2.62
31.523	2.60
31.536	2.69
31.478	2.72
31.439	2.58
31.279	2.88
31.417	2.94
31.563	2.83
31.860	2.93
32.002	2.76
31.795	2.77
31.926	2.84
31.755	3.05
31.726	2.71
31.794	2.76
31.665	2.70
31.556	2.87
31.978	2.95
31.840	3.22
31.729	2.84
31.789	2.78
31.556	2.60
31.940	2.88
31.731	2.60
31.963	2.62
31.912	2.78
31.908	2.61
31.815	2.97
31.996	2.81
31.709	2.75
32.168	2.71
32.188	2.68
32.106	3.19
32.156	3.02
32.040	2.73
31.912	2.86
32.073	2.70
31.963	2.54
32.207	2.78
32.106	2.79
31.936	2.69
32.021	2.77
31.914	2.72
32.172	2.99
32.147	2.89
32.462	3.13
32.290	2.79
32.293	2.74
32.360	2.75
32.353	2.57
32.323	2.70
32.558	2.70
32.552	2.70
32.387	2.75
32.392	2.66
32.430	2.63
32.348	2.72
32.345	2.84
32.579	2.72
32.507	2.71
32.196	2.67
32.531	2.82
32.505	2.87
32.352	2.63
32.612	2.60
32.562	2.82
32.454	2.61
32.550	2.92
32.578	2.61
32.447	2.61
32.407	2.55
32.465	2.80
32.522	2.71
32.375	2.67
32.404	2.65
32.340	2.74
32.505	2.61
32.911	2.69
32.913	2.88
32.780	2.76
32.542	2.83
32.581	2.88
32.629	2.69
32.955	2.53
32.722	2.66
32.465	2.69
32.461	2.98
32.770	2.63
33.000	2.60
32.825	2.74
32.985	2.73
32.829	2.86
32.466	2.69
32.772	2.78
32.989	2.53
32.839	2.61
32.845	2.70
32.976	2.65
32.881	2.64
32.814	2.83
32.868	2.71
33.186	3.08
33.052	2.61
32.930	3.16
32.854	2.81
32.959	2.76
33.273	2.72
33.168	2.87
33.294	2.59
33.273	2.64
33.520	2.70
33.456	2.67
33.470	2.71
33.385	2.71
33.511	3.03
33.647	2.87
33.504	2.75
33.667	2.76
33.560	2.77
33.641	2.85
33.570	2.64
33.585	2.64
33.777	2.90
33.944	2.66
33.737	2.66
33.527	2.77
33.710	2.91
33.733	2.77
33.818	2.67
34.073	2.62
34.152	2.80
34.032	2.72
34.154	2.83
33.922	2.98
34.221	2.93
34.143	2.86
34.067	2.88
33.902	2.79
33.791	2.69
34.144	2.84
34.129	2.59
33.890	2.73
33.870	2.62
34.072	2.70
34.309	3.08
34.229	2.83
34.241	2.75
34.174	2.93
34.161	2.93
34.316	2.82
34.099	2.73
34.137	2.78
34.333	2.71
34.151	2.63
34.253	2.61
34.172	2.85
34.444	2.81
34.525	2.73
34.269	2.65
34.772	2.77
34.398	2.84
34.467	2.67
34.426	2.60
34.280	2.86
34.407	2.84
34.090	2.63
34.218	2.89
34.600	2.66
34.273	2.62
34.614	2.60
34.788	2.84
34.868	2.69
34.778	2.65
34.823	2.63
34.668	2.74
34.824	2.67
34.731	2.62
34.478	2.96
34.551	2.70
34.617	3.87
34.895	2.54
35.133	2.82
34.856	2.90
35.076	2.70
34.874	2.58
34.935	2.64
35.409	2.69
35.019	2.90
35.080	2.66
35.393	2.82
35.062	2.78
35.202	2.77
35.060	2.58
34.979	2.63
35.166	2.71
35.085	2.76
35.132	2.65
35.151	2.73
35.230	2.80
35.436	2.90
35.391	2.88
35.345	2.65
35.179	2.90
35.471	2.88
35.209	2.74
35.352	2.69
35.448	2.46
35.237	2.55
35.192	2.60
35.131	2.63
35.174	2.86
35.316	2.61
35.603	2.75
35.401	2.66
35.464	2.68
35.450	2.70
35.342	2.61
35.413	2.84
35.771	3.09
35.543	2.66
35.845	2.69
35.686	2.69
35.511	2.71
35.676	2.63
35.682	2.72
35.548	2.64
35.843	2.86
35.465	2.68
35.738	2.67
35.788	2.82
35.571	3.05
35.946	2.74
35.804	2.70
35.824	2.81
35.781	2.75
36.010	2.52
35.804	2.96
35.843	2.74
36.068	2.73
35.937	2.76
36.064	2.92
36.185	2.83
36.179	2.76
36.317	2.78
36.344	2.81
36.090	3.02
35.976	3.07
36.211	2.79
36.201	2.72
36.054	2.82
36.360	2.64
36.358	2.67
36.470	2.73
36.682	2.66
36.458	2.70
36.459	2.61
36.481	2.58
36.379	2.80
36.314	2.82
36.518	2.73
36.314	2.68
36.719	2.77
36.684	2.56
36.521	2.62
36.668	2.64
36.884	2.75
36.637	2.56
36.496	2.79
36.582	2.75
36.360	2.85
36.563	2.73
36.703	2.72
36.641	2.82
36.623	2.56
36.294	2.75
36.641	2.67
36.534	2.70
36.589	2.75
36.428	2.74
36.758	2.81
36.678	2.76
36.856	2.56
36.585	3.00
36.859	2.81
36.999	2.56
36.909	2.84
36.742	2.95
36.962	2.55
36.822	2.65
37.007	2.54
37.252	2.76
37.078	2.64
36.919	2.65
36.966	2.59
37.250	2.74
37.217	2.75
37.570	2.68
37.213	2.71
37.117	2.82
37.111	3.01
37.200	2.72
37.167	2.68
37.480	2.73
37.311	2.72
37.322	2.69
37.261	2.63
37.282	2.81
37.433	2.78
37.353	2.61
37.356	2.66
37.434	2.77
37.215	2.64
37.185	2.66
37.279	2.66
37.289	2.72
37.058	2.88
37.335	2.56
37.406	2.78
37.160	2.72
37.498	2.70
37.455	2.71
37.459	2.59
37.632	2.76
37.372	2.62
37.636	2.70
37.691	2.71
37.529	2.75
37.624	2.74
37.680	2.84
37.435	2.80
37.635	2.61
37.645	2.70
37.542	2.68
37.830	2.65
37.864	3.10
38.043	2.61
37.833	2.75
37.898	2.81
38.004	2.66
37.937	2.71
38.000	2.60
37.794	2.80
37.766	2.74
37.603	2.52
37.462	2.83
37.913	2.70
37.842	2.83
37.885	2.82
37.993	2.77
37.890	2.64
38.007	3.04
37.752	2.66
37.848	2.65
37.722	2.78
38.029	2.75
38.171	2.58
38.091	2.49
38.195	2.66
38.041	2.70
38.293	2.71
38.184	2.65
38.290	2.70
38.506	2.75
38.318	2.82
38.411	2.77
38.613	2.80
38.504	2.65
38.101	2.76
38.596	2.64
38.690	2.74
38.597	2.83
38.678	2.85
38.461	2.73
38.640	2.96
38.363	2.87
38.654	3.10
38.807	2.65
38.588	2.83
38.572	2.66
38.831	2.89
38.573	2.84
38.735	2.78
38.675	2.59
38.794	2.58
38.817	2.91
38.644	2.83
38.668	2.57
38.575	2.79
38.777	3.39
38.691	2.59
38.917	2.88
38.889	2.62
38.978	2.65
38.816	2.89
38.472	2.78
38.711	2.85
38.639	2.56
39.036	2.76
39.214	2.66
39.211	2.75
39.123	2.79
39.291	2.66
39.004	2.58
38.788	3.01
38.801	2.80
38.921	2.90
39.002	2.77
38.681	2.71
38.823	2.72
39.009	2.81
38.986	2.92
39.194	2.81
39.359	2.79
38.879	2.78
39.021	2.86
39.098	3.23
39.252	2.98
39.178	2.74
39.210	2.74
39.190	2.78
39.360	2.75
39.609	2.81
39.430	2.70
39.485	2.84
39.397	2.65
39.302	2.69
39.505	2.79
39.585	2.79
39.461	2.85
39.573	2.60
39.285	2.90
39.934	2.97
39.746	2.66
39.762	2.75
39.912	2.68
39.909	2.57
39.642	2.68
39.788	2.78
39.799	3.05
39.858	2.74
39.664	2.58
39.894	2.75
39.812	2.71
39.892	2.60
40.012	2.80
39.858	2.62
40.079	2.99
39.706	2.65
39.792	2.61
39.784	2.78
39.927	2.61
39.806	2.59
39.999	2.53
39.936	2.82
40.129	2.75
40.251	2.68
40.089	2.85
39.899	2.70
39.910	2.72
40.129	2.66
40.388	2.59
40.129	2.74
40.115	2.57
39.935	2.71
39.986	2.83
40.327	2.59
40.508	2.78
40.504	2.66
40.507	2.96
40.387	2.63
40.319	2.66
40.379	2.75
40.611	2.71
40.421	2.90
40.331	2.88
40.316	2.61
40.284	2.70
40.083	2.71
40.468	2.63
40.241	2.77
40.062	2.58
40.509	2.71
40.397	2.69
40.540	2.78
40.568	2.66
40.634	2.69
40.513	2.60
40.663	2.63
40.653	2.64
40.733	2.92
40.492	2.86
40.479	2.74
40.713	2.63
40.650	2.63
40.732	2.74
40.870	2.88
40.791	2.83
40.798	2.78
40.498	2.92
40.793	2.65
40.724	2.69
40.869	2.69
40.786	2.73
40.917	2.81
40.921	2.79
41.058	2.86
40.789	2.78
41.050	2.64
40.860	2.72
40.607	4.59
40.279	2.65
40.489	2.87
40.691	2.60
40.788	2.93
40.956	2.67
40.890	2.64
40.915	2.76
40.994	2.66
40.829	2.98
41.073	2.61
41.157	2.81
41.017	2.79
41.261	2.63
41.085	2.77
40.957	2.66
41.197	2.71
41.466	2.77
41.317	2.77
41.263	2.73
41.151	2.94
41.350	2.77
40.955	2.83
41.200	2.70
41.586	2.79
41.734	2.76
41.387	2.57
41.541	2.92
41.461	3.84
41.630	2.90
41.765	2.79
41.730	2.80
41.541	2.62
41.562	2.95
41.732	3.75
41.864	2.67
41.886	2.71
41.870	2.93
41.632	2.83
41.596	2.73
41.896	2.79
41.677	2.70
42.189	2.78
42.082	2.87
42.081	2.69
42.159	2.79
42.098	2.63
42.223	2.87
42.121	2.74
42.146	2.76
42.154	3.16
42.249	2.68
42.139	2.79
42.191	2.65
42.395	2.66
42.318	2.68
42.611	2.99
42.430	3.14
42.382	2.99
42.408	2.88
42.208	2.85
42.173	2.78
42.478	2.90
42.400	2.63
42.594	2.86
42.220	2.74
42.093	2.68
42.677	2.62
42.678	2.63
42.252	2.73
42.446	2.60
42.590	2.67
42.721	2.72
42.931	2.76
42.651	2.78
42.332	2.72
42.468	2.79
42.586	2.79
42.518	3.31
42.518	2.78
42.741	2.80
43.067	2.76
43.153	3.14
43.094	2.69
42.835	2.59
42.935	2.71
43.142	2.62
42.969	2.77
42.766	3.04
42.773	2.76
43.064	2.92
43.140	2.67
43.448	2.63
43.050	2.78
43.258	2.63
43.118	3.00
42.795	2.73
42.932	2.81
43.288	2.78
43.484	3.88
43.586	3.99
43.475	2.59
43.118	3.04
43.275	2.79
43.281	2.73
43.293	3.94
43.572	3.26
43.622	2.86
43.685	4.64
43.315	3.70
43.556	5.32
43.482	4.85
44.035	5.40
43.976	5.68
43.834	4.91
43.658	5.16
43.912	4.61
43.819	5.85
44.071	4.35
43.860	4.64
43.772	3.46
43.957	3.03
43.882	3.26
43.745	4.70
43.657	5.09
44.099	5.05
43.959	5.36
44.107	5.01
44.132	4.85
43.975	4.96
44.166	4.94
44.096	5.12
43.740	4.96
43.881	5.57
43.917	5.66
43.732	4.85
44.565	5.35
44.481	5.18
44.460	5.20
44.437	4.72
44.471	5.15
44.396	5.71
44.311	7.05
44.270	6.79
44.374	6.80
44.123	6.89
44.154	5.54
44.830	7.00
44.827	7.56
44.787	7.17
44.661	9.00
44.671	8.42
44.344	7.65
44.293	6.82
44.464	6.42
44.862	6.57
44.780	6.40
44.318	6.89
44.468	6.64
44.846	6.23
44.260	6.50
44.354	5.80
44.651	7.24
44.758	6.41
44.778	6.53
44.660	6.56
44.894	7.10
44.465	6.81
44.207	5.80
44.541	6.16
44.834	6.94
45.349	6.79
45.132	6.92
45.083	7.36
45.014	6.76
44.917	6.49
45.103	6.90
45.123	7.15
45.483	7.67
44.870	7.06
45.398	7.50
45.197	7.04
44.959	7.46
45.303	7.37
44.925	7.45
45.343	7.60
45.581	11.00
45.238	10.14
45.295	9.38
45.086	8.41
45.319	7.03
45.240	6.88
45.434	7.41
45.660	6.84
45.361	6.70
45.180	6.60
45.621	7.15
45.473	7.84
45.086	7.35
45.486	7.44
45.309	7.72
45.417	7.39
45.645	7.10
45.371	6.79
45.535	7.93
45.521	6.87
45.472	6.69
45.819	8.03
45.866	8.68
45.709	7.96
45.786	7.42
45.456	7.21
45.940	8.07
45.835	7.61
46.016	7.58
45.610	6.41
45.906	7.90
45.687	7.28
45.679	7.14
45.674	7.15
45.985	8.04
45.663	8.59
46.466	10.07
46.349	10.32
46.238	9.90
46.296	9.30
46.003	9.35
46.588	9.58
46.535	9.48
46.071	8.85
46.007	8.24
46.017	8.98
46.434	10.57
46.236	9.75
46.357	10.97
46.468	10.30
46.132	9.87
46.574	11.80
46.555	12.11
46.423	10.58
46.459	9.39
46.256	11.50
46.272	11.26
46.295	10.30
46.347	10.66
46.633	12.84
46.667	12.09
46.383	11.75
46.569	10.85
46.389	10.25
46.584	9.87
46.501	9.85
46.614	9.74
46.428	10.41
46.635	10.13
47.023	11.21
46.618	10.65
46.632	10.02
46.638	10.28
46.540	10.80
46.882	10.79
46.704	10.78
46.731	10.72
46.718	10.53
46.939	10.23
46.847	10.03
46.993	8.73
47.265	10.41
46.829	10.36
46.932	11.96
46.988	10.80
47.174	10.65
47.128	11.60
47.079	12.02
47.424	11.86
46.970	12.65
47.092	11.11
47.107	11.76
47.220	11.89
46.975	11.81
47.449	11.29
46.888	12.01
47.012	11.49
47.411	11.93
47.286	11.16
47.523	12.90
46.909	11.98
47.414	12.43
47.637	13.16
47.293	12.45
47.578	11.60
47.425	13.18
47.713	12.44
47.493	12.15
47.597	14.20
47.276	13.32
47.319	13.68
47.511	14.35
47.244	13.39
47.309	14.24
47.531	15.04
47.282	13.92
47.674	14.25
47.826	14.04
47.731	13.30
47.376	12.37
47.744	13.31
47.588	12.81
47.504	12.08
47.943	13.76
47.724	12.64
47.839	13.71
47.857	13.68
47.727	13.62
47.956	12.98
47.996	12.54
47.725	12.47
48.048	13.06
47.834	13.56
47.808	13.05
47.810	13.80
47.896	13.86
47.782	14.49
48.392	14.14
48.171	13.75
47.956	13.11
48.300	13.68
48.087	12.62
48.142	12.31
47.736	12.22
47.820	12.95
48.406	14.21
48.490	14.37
48.403	12.21
48.262	12.86
48.675	12.87
48.411	13.33
47.978	12.24
48.298	13.03
48.235	13.54
48.297	13.60
48.605	14.18
48.106	12.94
48.214	12.92
48.371	13.73
48.629	14.10
48.711	14.31
48.183	13.53
48.389	13.25
48.680	13.97
48.440	14.33
48.393	14.68
48.524	14.17
48.673	16.74
48.471	15.11
48.801	16.33
48.323	16.99
48.556	15.12
48.585	16.37
48.444	16.82
48.987	18.10
48.892	16.56
48.573	15.97
48.837	16.85
48.843	16.34
48.835	15.44
49.037	16.12
48.927	16.16
48.915	16.24
48.661	16.41
48.718	16.64
48.952	16.52
49.096	17.54
49.078	18.17
48.555	17.48
48.694	16.54
48.865	17.48
49.005	16.97
49.052	16.83
49.180	17.05
49.278	17.65
49.078	17.22
49.433	16.91
49.234	15.82
49.029	15.46
49.146	14.81
48.967	15.46
49.109	13.66
49.441	15.58
49.218	14.68
49.257	14.94
49.440	15.33
49.438	16.09
49.183	16.02
48.924	15.50
49.305	16.19
49.425	16.50
49.714	16.16
49.656	16.40
49.665	17.21
49.618	16.26
49.529	16.23
49.646	16.36
49.603	15.95
49.571	16.87
49.410	15.94
49.745	15.36
49.162	15.38
49.684	15.60
49.761	15.58
49.821	15.30
49.450	15.59
49.835	16.30
49.383	15.68
49.998	16.11
50.188	17.01
50.005	15.73
49.860	17.21
49.747	16.28
49.989	16.65
49.983	17.00
49.760	16.30
49.928	15.58
50.014	17.14
50.048	15.93
49.925	15.36
49.818	16.27
49.805	16.15
50.283	16.71
50.240	17.66
50.357	18.44
50.191	17.73
50.564	17.30
50.539	17.02
50.210	16.74
50.327	19.33
49.958	18.43
50.108	17.57
49.915	17.87
50.427	17.62
50.466	17.70
50.456	17.24
50.655	18.47
50.363	17.23
50.328	18.07
50.540	18.69
50.478	17.12
50.685	16.95
50.678	17.06
50.652	18.25
50.861	18.48
50.653	19.35
50.483	20.09
50.512	20.56
50.852	19.75
50.387	20.32
50.838	20.67
50.657	18.43
50.564	19.04
50.933	21.79
50.501	19.89
50.434	20.72
50.618	20.19
50.840	20.22
50.514	18.24
50.534	17.69
50.769	17.00
51.030	17.50
50.959	17.73
50.722	17.81
50.812	17.84
51.127	19.00
51.077	18.11
51.133	18.09
51.160	19.54
50.932	18.48
51.469	19.50
51.162	18.27
51.224	18.90
51.784	20.44
51.514	20.91
51.768	19.95
50.946	19.84
51.100	20.15
51.144	20.54
51.095	20.10
51.197	20.19
51.204	20.67
51.340	21.08
51.177	20.62
51.600	20.75
51.477	19.66
51.360	19.90
51.614	19.68
51.694	21.06
51.354	20.56
51.801	19.70
51.659	19.51
51.531	20.82
51.532	19.87
51.476	19.85
51.674	20.41
51.165	19.93
51.705	18.75
51.467	19.27
51.791	20.00
51.675	19.75
51.565	18.49
51.736	19.07
51.896	20.45
51.699	20.83
52.002	20.16
51.747	20.61
51.970	20.77
51.724	21.76
51.937	20.97
52.048	21.08
52.130	20.48
51.622	21.26
52.214	22.83
52.032	21.86
52.183	23.17
51.812	23.01
51.809	21.80
51.947	21.75
52.109	22.35
51.840	22.96
52.154	22.72
52.165	23.23
51.957	22.00
52.071	22.85
51.953	22.19
52.055	21.43
52.249	22.64
51.976	22.61
52.375	23.39
52.053	23.16
52.175	23.84
52.005	21.88
52.156	21.47
52.251	22.93
52.734	24.41
52.351	23.71
52.291	21.56
52.181	22.50
52.127	22.54
52.310	22.51
52.305	23.80
52.493	22.77
52.500	24.76
52.591	22.94
52.637	22.40
52.760	21.26
52.477	22.69
52.505	20.73
52.788	21.27
52.680	20.62
52.617	20.73
52.497	20.97
52.787	20.66
52.674	20.44
52.694	20.59
52.841	21.92
52.593	20.86
52.195	21.18
52.786	21.81
52.874	22.30
52.696	23.46
53.149	23.78
53.432	23.91
53.308	24.20
53.197	24.33
52.903	24.04
53.106	24.15
53.196	23.74
52.796	25.22
53.321	24.86
53.343	27.35
52.836	26.74
52.907	23.75
53.511	25.34
53.282	24.92
53.580	23.82
53.436	22.85
53.064	24.34
53.120	21.92
52.924	21.64
53.162	22.75
53.142	23.86
53.082	24.29
52.675	24.35
53.105	26.03
53.607	26.43
53.176	25.93
53.587	26.64
53.675	26.77
53.741	26.19
53.510	27.89
53.824	26.53
53.532	26.10
54.001	27.45
53.435	28.54
53.834	26.99
53.668	27.39
53.874	26.20
53.795	27.22
53.776	26.86
53.780	26.06
53.583	26.61
53.890	26.11
54.333	27.68
54.081	27.47
54.054	27.60
53.425	26.93
54.021	26.95
54.212	25.80
54.299	26.93
54.022	26.02
53.692	25.65
53.891	26.70
54.091	25.40
53.776	26.64
53.968	26.45
54.032	26.02
54.231	26.41
54.161	26.43
54.284	25.12
54.241	25.65
54.144	24.16
54.207	25.11
53.979	25.22
54.069	25.84
53.930	25.68
54.245	24.50
54.502	27.18
54.313	26.24
53.778	25.55
54.300	25.73
54.156	25.77
54.079	25.59
54.368	26.34
54.496	25.11
54.186	26.72
54.670	25.82
54.407	26.81
54.177	26.58
54.370	25.88
54.154	26.00
54.522	24.11
54.552	26.69
54.676	26.75
54.398	27.44
54.727	27.95
54.796	28.16
54.630	26.82
54.992	26.74
54.918	26.27
54.732	27.98
54.851	26.37
54.608	25.06
54.746	25.69
54.289	24.40
54.903	25.13
54.662	24.96
54.666	24.40
54.663	23.60
54.705	23.71
55.135	25.08
54.876	25.32
54.864	25.12
54.705	25.44
