system	online_path	online_sha256	local_paths	local_sha256	relation	canonical_path	action
cleaved	03_SMD运行/cleaved/run_equil_cleaved_v01.sh	dea2281cf984e165f953b788dad57d16574f20520b2aac366f5720e8c83509e2	simulations/construct-X/cleaved/charmm-gui-8643876985/amber/run_equil.sh	63ed474fb4e16d39a014811cc6bdc696061163b74d09260c282ae967f484bce6	EQUIVALENT_RUNTIME_REPLACEMENT	03_SMD运行/cleaved/run_equil_cleaved_v01.sh	USE_ONLINE_CANONICAL_REPLACEMENT
cleaved	03_SMD运行/cleaved/run_smd_cleaved_v03.sh	e4ea100552813d7e9dbe1ceabc50bc15e2c8da635d013dc21d495cf74bf90ed2	simulations/construct-X/cleaved/charmm-gui-8643876985/amber/smd_production/run_smd_cleaved.sh	2433d6b217fdb51d64d5ee01dc7caa5f4425c10350da0d33cf77f3c28e918e56	EQUIVALENT_RUNTIME_REPLACEMENT	03_SMD运行/cleaved/run_smd_cleaved_v03.sh	USE_ONLINE_CANONICAL_REPLACEMENT
cleaved	03_SMD运行/cleaved/smd_pull_cleaved_v03.mdin	cf93f5e7325e365a7f13999ee4c55b0432d7caa241fc333c867c6d633b4ce040	simulations/construct-X/cleaved/charmm-gui-8643876985/amber/smd_production/smd_pull_cleaved.mdin	fefb8fc79b068a09fbca9919e966d8ca96317f54cd1e6d4ee85766a27fdf6eb5	EQUIVALENT_RUNTIME_REPLACEMENT	03_SMD运行/cleaved/smd_pull_cleaved_v03.mdin	USE_ONLINE_CANONICAL_REPLACEMENT
cleaved	04_分析/cleaved/analyze_smd_cleaved_v03.py	7ed1681f479d340177014042b933fbf6ea7e66ec04b942de0d41e9bfc1d32fc8	simulations/construct-X/cleaved/charmm-gui-8643876985/amber/smd_production/analyze_smd.py	aea068465269461d60f39be0434cc432b8ed4a650d58ffd7c96e252589e57fa3	EQUIVALENT_RUNTIME_REPLACEMENT	04_分析/cleaved/analyze_smd_cleaved_v03.py	USE_ONLINE_CANONICAL_REPLACEMENT
cleaved	04_分析/cleaved/analyze_smd_contacts_cleaved_v02.py	ae736b236af88a4113261a07281bed4dcb602ed4e452847c35aaee65fcdafa3e	simulations/construct-X/cleaved/charmm-gui-8643876985/amber/analyze_smd_contacts.py	fbb6e40e22c522ca12364b929b8ffa4ddcb2f8fbbbd7963c24d2016ff54793d7	EQUIVALENT_RUNTIME_REPLACEMENT	04_分析/cleaved/analyze_smd_contacts_cleaved_v02.py	USE_ONLINE_CANONICAL_REPLACEMENT
cleaved	03_SMD运行/cleaved/align_min_cleaved_v01.mdin	3ce73e908b0357f54a839cd4ea25cf201129ad9923af330657b8101fd5467e94	simulations/construct-X/cleaved/charmm-gui-8643876985/amber/align_min.mdin	3ce73e908b0357f54a839cd4ea25cf201129ad9923af330657b8101fd5467e94	EXACT_CONTENT_MATCH	03_SMD运行/cleaved/align_min_cleaved_v01.mdin	KEEP_CANONICAL_NAME_REFERENCE_LOCAL_SOURCES
cleaved	03_SMD运行/cleaved/eq1_nvt_cleaved_v01.mdin	6b0c7752735e720b3403b8b1ddfedfd22f58ccdc4645c407392539bf436c13a5	simulations/construct-X/cleaved/charmm-gui-8643876985/amber/eq1_nvt.mdin	6b0c7752735e720b3403b8b1ddfedfd22f58ccdc4645c407392539bf436c13a5	EXACT_CONTENT_MATCH	03_SMD运行/cleaved/eq1_nvt_cleaved_v01.mdin	KEEP_CANONICAL_NAME_REFERENCE_LOCAL_SOURCES
cleaved	03_SMD运行/cleaved/eq2_npt_cleaved_v01.mdin	ee09379b6b252fd14f450ce15e3b233893abba478f5fc87000e98dccb90f5e40	simulations/construct-X/cleaved/charmm-gui-8643876985/amber/eq2_npt.mdin	ee09379b6b252fd14f450ce15e3b233893abba478f5fc87000e98dccb90f5e40	EXACT_CONTENT_MATCH	03_SMD运行/cleaved/eq2_npt_cleaved_v01.mdin	KEEP_CANONICAL_NAME_REFERENCE_LOCAL_SOURCES
cleaved	03_SMD运行/cleaved/eq3_npt_cleaved_v01.mdin	fd93aaca3d648636b2cba8ba33846f76f3a7d029823125bd8770404b8356c71e	simulations/construct-X/cleaved/charmm-gui-8643876985/amber/eq3_npt.mdin	fd93aaca3d648636b2cba8ba33846f76f3a7d029823125bd8770404b8356c71e	EXACT_CONTENT_MATCH	03_SMD运行/cleaved/eq3_npt_cleaved_v01.mdin	KEEP_CANONICAL_NAME_REFERENCE_LOCAL_SOURCES
cleaved	03_SMD运行/cleaved/eq4_npt_cleaved_v01.mdin	e266561498df7cc0d165895716c2b996af0faea3fe51b8b02ceba0ce50a8d1cd	simulations/construct-X/cleaved/charmm-gui-8643876985/amber/eq4_npt.mdin	e266561498df7cc0d165895716c2b996af0faea3fe51b8b02ceba0ce50a8d1cd	EXACT_CONTENT_MATCH	03_SMD运行/cleaved/eq4_npt_cleaved_v01.mdin	KEEP_CANONICAL_NAME_REFERENCE_LOCAL_SOURCES
cleaved	03_SMD运行/cleaved/eq5_npt_cleaved_v01.mdin	2e6e8a09dafd71591c987fca5d062354579d777b6ae2dad7a0886ab88df7e9ac	simulations/construct-X/cleaved/charmm-gui-8643876985/amber/eq5_npt.mdin	2e6e8a09dafd71591c987fca5d062354579d777b6ae2dad7a0886ab88df7e9ac	EXACT_CONTENT_MATCH	03_SMD运行/cleaved/eq5_npt_cleaved_v01.mdin	KEEP_CANONICAL_NAME_REFERENCE_LOCAL_SOURCES
cleaved	03_SMD运行/cleaved/smd_cleaved_v02.RST	3bedbe1ecdc8845b4809a36b450fc5b9e310a1c715906a918496ec379fa9b339	simulations/construct-X/cleaved/charmm-gui-8643876985/amber/smd_cleaved.RST;simulations/construct-X/cleaved/charmm-gui-8643876985/amber/smd_production/smd_cleaved.RST	3bedbe1ecdc8845b4809a36b450fc5b9e310a1c715906a918496ec379fa9b339	EXACT_CONTENT_MATCH	03_SMD运行/cleaved/smd_cleaved_v02.RST	KEEP_CANONICAL_NAME_REFERENCE_LOCAL_SOURCES
cleaved	04_分析/cleaved/launch_all_replicas_cleaved_v01.sh	2c2964931a0539e46edfc9357c0a82dc8c8cbb984c745d3908159b6ee26214fb	-	-	ONLINE_ONLY_NO_LOCAL_BASELINE	04_分析/cleaved/launch_all_replicas_cleaved_v01.sh	KEEP_ONLINE_BASELINE_NO_PAIRING
cleaved	04_分析/cleaved/run_replica_cleaved_v01.sh	4151ae31b3d66cbb6a1ef4f1b44f46d7faf9fa80241325fa9cf001d8a314ea03	-	-	ONLINE_ONLY_NO_LOCAL_BASELINE	04_分析/cleaved/run_replica_cleaved_v01.sh	KEEP_ONLINE_BASELINE_NO_PAIRING
uncleaved	03_SMD运行/uncleaved/run_equil_uncleaved_v01.sh	04a84359e7581221a0888a5cf5c521e38dbf08f341e22a08bf7c111755c9d55c	simulations/construct-X/uncleaved/charmm-gui-8644096179/amber/run_equil.sh	63ed474fb4e16d39a014811cc6bdc696061163b74d09260c282ae967f484bce6	EQUIVALENT_RUNTIME_REPLACEMENT	03_SMD运行/uncleaved/run_equil_uncleaved_v01.sh	USE_ONLINE_CANONICAL_REPLACEMENT
uncleaved	03_SMD运行/uncleaved/run_smd_uncleaved_v03.sh	e6c7a74fd8c45a43880588c94e0fbfe9919311da711b15a5ff446d31358a6f56	simulations/construct-X/uncleaved/charmm-gui-8644096179/amber/smd_production/run_smd_uncleaved.sh	349051e27601abbfceec10a9595fa8e48d63ac1c8eaf01a5431fd89eee494f5e	EQUIVALENT_RUNTIME_REPLACEMENT	03_SMD运行/uncleaved/run_smd_uncleaved_v03.sh	USE_ONLINE_CANONICAL_REPLACEMENT
uncleaved	03_SMD运行/uncleaved/smd_pull_uncleaved_v03.mdin	ba6a7f6aed1455e741d2b476558533668b4e79753d8fcd563520ea1b05a23462	simulations/construct-X/uncleaved/charmm-gui-8644096179/amber/smd_production/smd_pull_uncleaved.mdin	c66dc677e99d152567fd385b220bb13d3371bf626d5014333610478f7d44712b	EQUIVALENT_RUNTIME_REPLACEMENT	03_SMD运行/uncleaved/smd_pull_uncleaved_v03.mdin	USE_ONLINE_CANONICAL_REPLACEMENT
uncleaved	04_分析/uncleaved/analyze_smd_contacts_uncleaved_v02.py	a1fc1868449d61d24c5a65f19b40f5d7c6aed003f3c7d68329ec5a7ed6785d60	simulations/construct-X/uncleaved/charmm-gui-8644096179/amber/analyze_smd_contacts.py	356cf572d71555342680760d1f0330d5ffdb10f7c9b047f13663c32111bd81be	EQUIVALENT_RUNTIME_REPLACEMENT	04_分析/uncleaved/analyze_smd_contacts_uncleaved_v02.py	USE_ONLINE_CANONICAL_REPLACEMENT
uncleaved	04_分析/uncleaved/analyze_smd_uncleaved_v03.py	31ab8ab4fe06941fb11933e60ed198a8b5145b18d62227721156f98f5b2c79f9	simulations/construct-X/uncleaved/charmm-gui-8644096179/amber/smd_production/analyze_smd.py	aea068465269461d60f39be0434cc432b8ed4a650d58ffd7c96e252589e57fa3	EQUIVALENT_RUNTIME_REPLACEMENT	04_分析/uncleaved/analyze_smd_uncleaved_v03.py	USE_ONLINE_CANONICAL_REPLACEMENT
uncleaved	03_SMD运行/uncleaved/align_min_uncleaved_v01.mdin	4dde3de6e7cc73ef9d9dbbafc2f4af611246ec7cbaaadcb8e7a8d5ed692a0498	simulations/construct-X/uncleaved/charmm-gui-8644096179/amber/align_min.mdin	4dde3de6e7cc73ef9d9dbbafc2f4af611246ec7cbaaadcb8e7a8d5ed692a0498	EXACT_CONTENT_MATCH	03_SMD运行/uncleaved/align_min_uncleaved_v01.mdin	KEEP_CANONICAL_NAME_REFERENCE_LOCAL_SOURCES
uncleaved	03_SMD运行/uncleaved/eq1_nvt_uncleaved_v01.mdin	e10727af3cc56f17902a8e141e87fb6ebc07aa0b1e124cd8ff16950eca10f1b6	simulations/construct-X/uncleaved/charmm-gui-8644096179/amber/eq1_nvt.mdin	e10727af3cc56f17902a8e141e87fb6ebc07aa0b1e124cd8ff16950eca10f1b6	EXACT_CONTENT_MATCH	03_SMD运行/uncleaved/eq1_nvt_uncleaved_v01.mdin	KEEP_CANONICAL_NAME_REFERENCE_LOCAL_SOURCES
uncleaved	03_SMD运行/uncleaved/eq2_npt_uncleaved_v01.mdin	d893915a76fd4dde84073a27f9a801fbf64972018de6ce81d8cca8b8ea3e7efb	simulations/construct-X/uncleaved/charmm-gui-8644096179/amber/eq2_npt.mdin	d893915a76fd4dde84073a27f9a801fbf64972018de6ce81d8cca8b8ea3e7efb	EXACT_CONTENT_MATCH	03_SMD运行/uncleaved/eq2_npt_uncleaved_v01.mdin	KEEP_CANONICAL_NAME_REFERENCE_LOCAL_SOURCES
uncleaved	03_SMD运行/uncleaved/eq3_npt_uncleaved_v01.mdin	3b4a46113e92d1f0cfba51ba7d9a1b1fccef5b0b72799769f135bc0da6693e5d	simulations/construct-X/uncleaved/charmm-gui-8644096179/amber/eq3_npt.mdin	3b4a46113e92d1f0cfba51ba7d9a1b1fccef5b0b72799769f135bc0da6693e5d	EXACT_CONTENT_MATCH	03_SMD运行/uncleaved/eq3_npt_uncleaved_v01.mdin	KEEP_CANONICAL_NAME_REFERENCE_LOCAL_SOURCES
uncleaved	03_SMD运行/uncleaved/eq4_npt_uncleaved_v01.mdin	ff52803be1d29290f832e049133a8c818d7137e6524bc1ae493c0a7e1a00f031	simulations/construct-X/uncleaved/charmm-gui-8644096179/amber/eq4_npt.mdin	ff52803be1d29290f832e049133a8c818d7137e6524bc1ae493c0a7e1a00f031	EXACT_CONTENT_MATCH	03_SMD运行/uncleaved/eq4_npt_uncleaved_v01.mdin	KEEP_CANONICAL_NAME_REFERENCE_LOCAL_SOURCES
uncleaved	03_SMD运行/uncleaved/eq5_npt_uncleaved_v01.mdin	2e6e8a09dafd71591c987fca5d062354579d777b6ae2dad7a0886ab88df7e9ac	simulations/construct-X/uncleaved/charmm-gui-8644096179/amber/eq5_npt.mdin	2e6e8a09dafd71591c987fca5d062354579d777b6ae2dad7a0886ab88df7e9ac	EXACT_CONTENT_MATCH	03_SMD运行/uncleaved/eq5_npt_uncleaved_v01.mdin	KEEP_CANONICAL_NAME_REFERENCE_LOCAL_SOURCES
uncleaved	03_SMD运行/uncleaved/smd_uncleaved_v02.RST	011264d1ae20ad331d60ded81b8260940491978d413474a041588a020a81fd70	simulations/construct-X/uncleaved/charmm-gui-8644096179/amber/smd_uncleaved.RST;simulations/construct-X/uncleaved/charmm-gui-8644096179/amber/smd_production/smd_uncleaved.RST	011264d1ae20ad331d60ded81b8260940491978d413474a041588a020a81fd70	EXACT_CONTENT_MATCH	03_SMD运行/uncleaved/smd_uncleaved_v02.RST	KEEP_CANONICAL_NAME_REFERENCE_LOCAL_SOURCES
uncleaved	04_分析/uncleaved/launch_all_replicas_uncleaved_v01.sh	0bbefe888da53c8c4c64f6c0db7988894844492ed9308daa2bc0a1b60c49c4fb	-	-	ONLINE_ONLY_NO_LOCAL_BASELINE	04_分析/uncleaved/launch_all_replicas_uncleaved_v01.sh	KEEP_ONLINE_BASELINE_NO_PAIRING
uncleaved	04_分析/uncleaved/run_replica_uncleaved_v01.sh	47c19c7d1e0c8d50b2c4fb43821de2b00c5d2a6ac85f1fb3cca111de9471ee35	-	-	ONLINE_ONLY_NO_LOCAL_BASELINE	04_分析/uncleaved/run_replica_uncleaved_v01.sh	KEEP_ONLINE_BASELINE_NO_PAIRING
