COM_A	ASP614:LYS854	LYS557:ASP839
28.271	2.68	2.67
28.477	2.52	2.81
28.228	2.68	2.98
28.037	2.58	2.66
28.065	2.79	2.63
28.177	2.72	3.67
28.493	2.82	2.69
28.278	2.61	2.93
28.547	2.70	5.17
28.818	2.61	4.62
28.696	2.76	6.18
28.393	2.74	4.90
28.443	2.66	4.31
28.187	2.60	4.17
28.653	2.72	5.01
28.273	2.74	4.74
28.684	3.13	5.26
28.537	2.78	4.96
28.649	2.70	5.14
28.736	2.66	6.20
28.817	2.76	5.38
28.888	2.83	6.75
28.882	2.67	6.41
28.683	2.70	4.45
28.835	2.72	6.12
28.858	2.71	4.84
28.933	2.62	5.57
28.861	2.77	7.04
28.688	2.89	9.69
28.828	2.73	9.55
28.885	2.69	8.29
28.771	2.65	7.18
28.733	2.67	8.31
28.407	2.72	7.38
28.600	2.66	7.41
28.733	2.64	6.34
29.095	2.81	5.42
28.838	2.75	6.83
29.026	2.97	4.65
29.011	2.79	5.08
28.851	2.85	4.78
28.862	2.66	4.65
28.915	2.97	4.37
28.852	2.87	4.78
29.195	2.73	5.81
28.980	2.59	5.26
28.815	3.00	4.72
28.946	2.71	5.33
29.028	2.70	4.87
28.963	2.78	4.45
29.056	2.68	4.63
28.930	2.82	4.65
29.191	2.70	4.61
29.274	2.78	5.17
29.331	2.67	5.09
28.980	2.73	3.92
29.044	2.90	2.66
29.036	2.54	2.75
29.132	2.88	2.64
29.149	2.70	2.79
29.330	2.71	4.69
28.952	2.60	4.62
29.210	2.80	4.15
28.943	2.72	5.77
29.229	2.84	5.09
29.051	2.95	5.19
29.234	3.07	5.16
29.185	2.76	5.02
29.396	3.04	4.46
29.535	2.79	4.90
29.424	3.04	4.73
29.526	2.89	5.35
29.593	2.93	4.51
29.737	2.57	5.02
29.735	3.34	4.70
29.892	2.90	5.36
29.765	2.97	6.28
29.833	2.81	5.64
29.990	2.87	5.50
29.858	3.00	5.59
30.107	2.84	6.60
29.999	3.34	6.26
29.794	3.36	5.72
29.877	2.88	6.48
30.035	2.96	6.30
30.103	2.76	5.67
30.033	2.82	5.88
30.002	2.86	6.47
29.780	2.76	6.49
29.934	2.63	5.78
29.799	2.84	5.18
29.955	2.81	6.17
30.267	2.75	5.72
29.976	2.85	6.20
30.009	2.74	5.49
30.490	2.60	5.62
30.140	2.64	6.09
30.450	2.70	6.96
30.300	2.67	6.38
30.212	3.02	7.29
29.822	2.94	6.76
30.051	2.87	6.72
29.744	2.65	6.86
30.079	2.90	6.86
30.098	2.65	8.22
30.101	2.57	6.80
30.166	2.88	6.47
30.424	2.61	6.67
30.150	2.81	6.17
30.456	3.06	6.78
30.295	2.68	6.82
30.402	2.65	6.17
30.420	2.67	7.16
30.498	2.67	6.15
30.357	2.78	5.85
30.426	2.92	6.75
30.339	2.79	5.94
30.400	2.74	6.38
30.553	2.83	6.28
30.493	2.55	6.16
30.368	2.64	6.38
30.649	2.68	5.94
30.720	2.66	6.04
30.649	2.79	7.30
30.820	2.90	6.67
30.622	2.65	7.27
30.634	2.65	7.44
30.463	2.61	6.73
30.577	2.70	6.72
30.494	2.71	6.50
30.651	2.74	6.36
30.642	2.70	6.65
30.725	2.70	6.37
30.926	2.80	6.71
31.063	2.70	6.41
31.017	2.75	5.60
30.648	2.76	5.05
30.979	2.99	6.43
30.908	2.71	6.35
30.834	2.62	6.61
31.159	2.76	6.56
30.947	2.70	7.25
31.023	2.70	7.60
30.681	2.57	7.02
30.583	2.74	7.31
30.879	2.66	7.53
30.811	2.75	7.07
31.171	2.73	7.29
31.246	2.65	6.73
31.308	2.81	6.82
31.116	2.63	7.17
31.249	2.62	6.64
31.010	2.62	6.38
30.986	2.65	6.54
30.988	2.69	6.83
31.019	2.62	6.69
31.084	2.68	7.80
31.203	2.78	7.25
31.294	2.88	6.96
31.240	2.90	6.52
31.202	2.77	6.25
31.160	2.90	7.06
31.165	2.81	7.26
31.282	2.59	7.38
31.103	2.75	7.23
31.255	2.83	6.20
31.135	2.71	6.36
31.409	2.74	5.89
31.340	2.54	5.70
31.254	2.81	6.73
31.141	2.65	7.64
31.145	2.78	6.87
30.780	2.60	6.21
31.295	2.62	6.44
31.560	2.63	7.78
31.301	2.77	7.80
31.240	2.64	7.85
31.205	2.88	8.32
31.416	2.93	8.14
31.349	2.75	8.02
31.342	3.29	7.73
31.510	2.59	8.13
31.365	2.72	8.03
31.447	2.92	8.43
31.412	2.90	8.69
31.357	2.75	8.29
31.473	2.64	7.36
31.507	2.65	8.98
31.546	2.84	8.69
31.696	2.98	8.32
31.715	3.10	8.58
31.823	2.61	8.51
31.528	2.78	8.67
31.623	2.83	8.12
31.636	2.62	8.04
31.875	2.77	8.43
31.975	2.70	8.30
31.982	2.69	8.96
32.030	2.66	9.62
31.798	2.80	9.25
32.157	2.94	10.76
31.599	2.66	10.97
32.048	2.68	11.25
32.203	2.82	11.50
32.331	2.93	11.72
32.387	2.84	11.38
32.255	2.83	11.21
32.062	2.77	9.69
32.258	2.93	10.73
31.887	2.95	11.43
32.139	2.61	10.94
32.421	2.74	11.34
32.186	2.50	12.08
32.167	2.82	12.13
32.459	2.63	12.98
32.487	2.63	12.06
32.518	2.75	12.97
32.250	2.82	12.32
32.580	2.62	11.90
32.627	2.83	13.45
32.632	2.62	13.02
32.800	2.58	12.23
32.920	2.62	13.02
32.855	2.74	12.17
32.975	2.68	12.13
32.729	2.71	13.24
32.950	2.59	13.94
33.100	2.75	14.20
32.945	2.67	13.45
33.051	2.64	13.01
32.994	2.62	13.42
32.997	2.63	12.68
33.116	2.75	13.38
33.064	2.70	13.22
33.183	2.63	14.37
33.229	2.66	14.10
33.195	2.68	13.75
33.612	2.67	15.05
33.579	2.71	14.43
33.206	2.65	14.66
33.020	2.72	14.74
33.287	2.76	14.74
33.005	2.72	15.33
32.944	2.71	14.05
33.665	2.79	15.63
33.235	2.68	14.63
33.198	2.85	13.89
33.157	2.66	12.98
33.397	2.62	13.80
33.484	2.86	14.66
33.528	2.72	15.03
33.622	2.84	15.39
33.433	2.89	15.88
33.352	2.71	15.77
33.326	2.88	15.81
33.037	2.81	15.34
33.347	2.80	15.76
33.257	2.78	15.99
33.476	2.69	16.90
33.127	2.65	14.88
33.113	2.68	15.28
33.209	2.72	14.36
33.517	2.63	14.27
33.382	2.66	14.56
33.438	2.51	14.73
33.270	2.68	15.10
33.493	2.63	15.21
33.426	2.67	15.72
33.757	2.70	16.35
33.718	2.79	15.35
33.468	2.59	15.02
33.594	2.69	14.90
33.713	2.52	15.56
33.270	2.68	15.27
33.306	2.73	14.94
33.235	2.68	14.80
33.551	2.76	16.18
33.668	2.77	16.26
33.908	2.89	16.14
33.815	2.90	17.19
33.710	2.75	15.42
33.819	2.62	15.81
33.805	2.80	15.34
34.071	2.74	16.00
34.191	2.72	16.53
34.360	2.87	18.25
34.283	2.78	17.54
33.973	2.74	17.74
34.264	2.73	19.29
34.350	2.70	20.63
34.267	2.63	17.86
34.453	2.68	18.19
34.178	2.84	18.13
34.200	2.77	17.68
34.326	2.67	17.90
34.481	2.73	17.63
34.651	2.68	18.07
34.314	2.70	17.23
34.197	2.60	16.80
34.240	2.75	17.26
34.430	2.63	16.77
34.303	2.74	17.01
34.086	2.69	16.66
34.290	2.67	17.63
34.534	2.47	17.80
34.426	2.61	17.18
34.474	2.71	17.49
34.565	2.66	18.46
34.563	2.62	19.17
34.730	2.92	20.02
34.769	2.56	19.28
34.866	2.72	19.40
35.021	2.87	20.03
35.046	2.73	20.38
34.671	2.56	19.96
34.470	2.64	19.59
34.679	2.80	19.97
34.721	2.62	19.73
34.861	2.62	20.29
34.803	2.68	19.40
34.849	2.60	19.25
35.064	2.90	19.89
35.037	2.80	19.89
34.868	2.73	19.22
34.799	2.71	18.89
35.081	2.84	20.52
34.899	2.82	20.83
34.888	2.95	20.52
34.845	2.76	20.59
34.459	2.75	20.24
34.638	2.63	19.71
35.041	2.83	21.12
35.260	2.77	21.45
35.440	2.68	21.56
35.038	2.67	21.10
35.199	2.82	21.75
35.004	2.89	21.93
34.850	2.87	21.16
34.818	2.74	20.29
34.892	2.90	20.85
34.917	2.82	21.13
34.996	2.83	21.63
34.933	2.86	21.64
35.204	2.76	22.83
35.285	2.60	21.36
35.250	2.82	20.35
35.571	2.74	21.90
35.299	2.72	20.88
35.024	2.68	19.54
34.844	2.67	20.26
35.164	3.03	20.93
35.394	2.52	21.62
35.173	2.76	21.57
35.526	2.78	23.05
35.492	2.76	22.64
35.586	2.79	22.83
35.500	2.77	21.61
35.386	2.85	21.94
35.533	2.66	22.60
35.631	2.66	22.44
35.528	2.66	22.04
35.718	2.79	22.12
35.250	2.63	22.62
35.145	2.85	22.29
35.564	2.82	22.98
35.450	2.59	22.60
35.162	2.55	22.87
35.303	2.67	23.02
35.149	2.62	22.85
35.767	2.91	24.36
35.740	2.80	24.26
35.747	2.80	24.41
35.635	2.83	23.52
35.618	2.60	24.38
35.557	2.77	24.30
35.758	2.79	24.75
35.733	2.65	24.49
35.887	2.81	25.70
36.029	2.72	25.09
35.872	2.82	25.91
35.890	2.67	25.32
35.403	2.54	25.29
35.776	2.73	25.09
35.757	2.81	24.07
35.699	2.68	25.29
36.184	2.64	26.07
35.850	2.69	24.39
35.954	2.74	25.26
36.021	2.75	25.55
35.985	2.86	25.02
36.179	2.93	26.72
36.096	2.87	26.89
36.122	2.79	27.65
36.354	2.63	27.59
36.195	2.81	28.08
36.320	3.11	27.41
36.423	2.72	28.49
36.227	2.55	28.03
36.022	2.69	27.74
36.316	2.59	28.27
36.061	2.78	28.05
35.901	2.73	27.25
35.989	3.10	26.54
36.085	2.79	26.21
36.202	2.99	26.05
36.403	2.66	26.01
36.272	2.73	26.03
36.437	2.71	27.17
36.489	2.82	27.31
36.189	2.75	26.48
36.246	2.86	26.52
36.272	2.87	27.16
36.509	3.03	28.12
36.119	2.84	25.65
36.363	2.84	26.69
36.357	2.89	26.40
36.577	2.84	25.99
36.485	2.81	24.90
36.646	2.69	25.31
36.441	2.92	25.39
36.496	2.93	25.10
36.844	3.20	25.19
36.696	2.75	24.25
36.628	2.63	23.54
36.490	2.77	24.75
36.537	2.76	24.25
36.543	2.60	25.54
36.501	2.54	26.20
36.670	2.73	26.55
36.413	2.65	26.67
36.702	2.86	26.79
36.921	2.63	27.65
36.861	2.58	26.35
36.588	2.80	27.20
36.681	2.67	27.03
36.731	2.67	26.56
36.997	2.57	27.42
36.753	2.58	27.49
36.913	2.62	27.93
36.915	2.75	27.78
36.876	2.73	27.01
36.818	2.69	27.00
36.663	2.61	26.34
37.004	2.81	27.24
37.265	2.81	28.16
37.093	2.57	27.60
36.981	2.76	27.19
36.931	2.69	27.38
36.989	2.64	27.90
36.690	2.74	27.13
36.957	2.63	27.52
36.986	2.63	26.95
36.853	2.66	27.15
37.099	2.70	27.36
37.102	2.66	27.41
37.035	2.61	27.32
37.344	2.82	27.66
37.399	2.75	27.31
37.203	2.84	27.86
37.214	2.76	26.28
37.379	2.70	27.43
37.142	2.85	27.51
37.081	2.66	28.45
37.356	2.75	28.27
37.361	2.83	27.91
37.288	2.83	28.31
36.901	2.79	27.55
37.502	2.65	26.84
37.371	2.69	26.67
37.309	2.94	26.90
37.184	2.96	26.59
37.444	2.66	27.26
37.529	2.77	28.03
37.305	2.73	26.78
37.473	2.88	27.68
37.156	2.75	27.21
37.451	2.95	26.62
37.623	2.78	26.84
37.289	2.92	25.46
37.512	3.54	26.24
37.497	2.91	25.83
37.116	2.74	25.92
37.312	3.43	26.52
37.475	2.70	25.64
37.490	2.68	26.40
37.426	2.71	24.77
37.423	2.74	27.18
37.522	2.79	27.21
37.647	2.70	26.57
37.624	2.56	27.44
37.844	2.85	26.85
37.589	2.51	26.78
37.804	2.65	27.02
37.790	2.66	26.62
37.983	2.60	27.21
38.170	2.60	28.39
37.936	2.59	27.94
37.859	2.70	28.77
37.760	2.68	28.54
38.080	2.62	28.22
38.101	2.68	29.80
37.732	2.66	28.66
37.867	2.69	29.17
37.994	2.73	29.31
37.898	2.72	30.14
37.900	2.74	29.62
38.098	2.75	31.07
38.024	2.71	30.55
38.177	2.63	30.39
38.343	2.67	29.76
38.223	2.71	30.39
38.343	2.85	30.77
38.080	2.74	31.13
38.246	2.84	29.98
38.153	2.57	29.98
38.327	2.81	30.85
37.953	2.86	29.70
38.174	2.97	29.61
38.352	2.90	30.64
38.323	2.67	31.86
38.375	2.76	31.82
38.507	2.84	32.16
38.492	2.71	31.26
38.541	2.77	31.21
38.262	2.73	30.20
38.743	2.59	31.95
38.758	2.72	32.06
38.569	2.68	31.38
38.445	2.83	30.92
38.990	2.68	31.83
38.569	2.61	30.70
38.940	2.66	32.60
38.642	2.76	31.83
38.679	2.74	31.91
38.293	2.68	32.10
38.475	2.71	32.02
38.668	2.86	32.72
38.835	2.95	32.40
39.026	2.63	31.62
38.766	2.78	32.99
38.927	2.72	32.48
39.090	3.91	32.64
38.973	2.75	33.48
39.001	2.88	33.70
38.403	2.83	33.11
38.604	2.90	32.87
38.777	2.82	34.63
39.161	2.86	35.01
39.121	3.26	35.35
38.790	2.60	34.64
39.033	2.61	33.79
39.310	2.59	36.22
39.118	2.84	35.88
39.128	3.05	36.17
39.146	3.16	36.11
39.068	2.56	35.45
39.175	2.70	35.71
39.058	2.72	35.95
38.976	2.68	34.83
39.229	2.72	35.32
39.086	2.61	34.60
39.301	2.74	34.54
39.048	2.76	33.92
39.001	2.71	34.21
39.200	2.96	34.89
39.006	2.80	33.66
39.105	2.61	33.02
39.434	2.70	34.98
39.543	3.93	34.09
39.233	3.55	33.90
39.574	4.34	33.42
39.473	4.21	34.03
39.360	3.67	34.29
39.362	4.15	33.17
40.132	4.23	35.66
39.556	4.49	35.20
39.567	4.52	35.18
39.759	3.85	35.82
39.962	5.13	36.15
39.803	4.06	35.50
39.516	4.01	35.13
39.353	4.58	34.34
39.498	5.10	34.30
39.370	4.65	34.10
39.865	4.95	34.72
39.920	4.58	33.69
40.014	4.31	34.04
39.916	4.02	32.72
39.830	4.71	32.75
39.690	4.78	33.23
39.878	4.92	33.58
40.082	5.54	33.75
40.005	4.69	33.17
39.828	5.32	33.11
40.206	5.10	33.38
40.351	5.18	33.49
39.984	4.88	31.90
40.089	5.81	33.17
39.853	5.63	32.40
39.821	6.28	32.89
39.850	7.72	32.39
39.818	7.19	32.82
39.934	6.41	32.45
39.982	7.26	32.82
39.911	7.27	32.09
39.796	6.72	32.80
40.029	6.80	33.87
39.904	6.59	33.50
39.901	5.97	32.39
40.179	6.52	33.32
40.095	6.16	32.52
40.417	5.43	33.73
40.382	6.20	33.47
40.316	6.29	33.76
40.183	5.37	32.61
40.126	5.71	32.67
40.201	6.15	34.49
40.574	5.18	35.34
40.028	4.75	34.35
40.068	4.59	34.08
40.014	4.72	34.19
40.342	4.53	33.89
40.443	4.42	34.01
40.494	5.57	35.49
40.397	5.20	34.90
40.577	5.14	35.65
40.530	5.15	34.91
40.590	6.29	35.55
40.746	7.10	36.16
40.903	7.49	37.07
40.587	7.64	37.44
40.220	6.82	37.55
40.388	7.30	37.13
40.721	7.99	36.36
40.681	7.45	36.80
40.744	7.34	36.48
40.537	7.18	35.71
40.613	7.42	34.47
40.635	8.12	35.99
40.682	7.68	36.86
40.978	9.40	36.86
41.061	8.50	36.82
41.391	8.85	38.16
40.811	8.96	36.96
40.729	9.14	36.24
40.996	7.91	37.02
40.983	8.06	35.47
41.115	8.53	35.50
41.089	7.89	35.45
41.059	7.31	36.32
40.885	8.52	36.04
41.125	7.62	36.13
41.016	7.89	36.09
41.126	7.28	35.70
41.331	8.00	35.60
41.338	7.91	36.16
41.354	8.31	36.35
41.326	8.01	35.41
41.847	8.97	37.10
41.556	9.06	35.64
41.546	8.28	37.48
41.417	8.06	37.67
41.529	7.83	36.63
41.698	9.14	36.51
41.547	8.71	37.11
41.445	8.84	37.24
41.724	8.37	37.84
41.583	9.32	38.20
41.676	9.75	37.29
41.790	9.89	38.14
41.768	10.07	37.27
41.721	9.36	36.11
41.611	9.10	35.78
41.324	9.31	36.09
41.772	9.69	36.69
41.535	9.89	36.46
41.737	9.41	36.11
41.846	12.42	35.85
41.618	11.41	35.13
41.707	10.96	35.31
41.781	12.18	34.36
41.898	9.70	35.17
41.950	10.20	35.75
42.020	10.52	36.13
41.962	9.63	36.70
42.162	10.80	36.89
41.861	11.16	36.00
41.981	11.36	36.66
42.277	10.69	36.89
41.882	10.78	37.29
42.331	11.03	38.12
42.162	11.01	37.79
41.820	10.02	36.77
41.989	10.95	36.37
41.547	11.42	37.00
42.152	11.63	37.67
41.741	11.59	37.46
41.853	11.04	37.66
42.081	11.18	37.90
42.185	11.95	37.88
42.024	11.58	38.98
42.077	11.86	37.85
41.926	10.91	37.95
42.396	11.16	38.76
42.083	11.27	36.98
42.246	11.64	37.85
42.424	12.93	39.34
42.495	12.57	39.30
42.377	12.21	38.94
42.274	11.76	40.02
42.037	10.72	39.10
42.285	11.92	39.76
42.263	12.16	39.62
42.162	12.42	40.52
42.399	11.66	39.61
42.809	12.31	38.83
42.302	11.09	39.36
42.342	11.32	40.55
42.082	10.71	40.45
42.447	11.78	41.52
42.074	11.65	40.65
42.269	12.58	40.45
42.673	12.77	41.25
42.648	13.18	40.74
42.501	12.48	40.64
42.472	11.48	40.22
42.429	12.84	40.05
42.783	12.42	40.73
42.904	12.54	41.00
42.961	13.48	40.69
42.826	13.87	41.60
42.630	13.55	41.02
42.438	13.00	40.49
42.741	11.74	40.80
42.861	12.85	41.24
42.340	12.05	40.42
43.070	12.77	41.00
42.880	12.16	40.84
42.796	12.37	42.15
42.573	13.48	41.08
42.783	13.11	41.49
42.939	12.06	42.71
42.845	12.27	42.59
42.801	12.81	41.83
42.507	12.54	41.85
42.950	12.70	43.01
43.268	13.70	44.57
43.136	12.64	44.11
43.109	13.79	44.05
43.083	14.07	43.31
42.754	12.82	42.80
43.190	12.56	41.84
43.096	12.95	42.71
43.027	12.09	43.74
43.106	12.17	42.87
43.163	12.41	45.21
43.272	12.97	44.24
43.344	12.98	44.36
43.137	13.73	43.76
43.300	14.63	44.27
43.175	13.58	44.17
43.233	13.63	44.65
43.569	13.26	42.82
43.255	13.97	43.37
43.574	14.68	44.89
43.496	15.15	44.62
43.547	13.91	43.71
43.635	14.09	44.78
43.456	15.65	44.35
43.727	15.66	44.85
43.443	12.54	44.08
43.431	13.30	45.42
43.713	14.50	45.59
43.717	15.28	45.32
43.416	13.26	44.19
43.408	11.95	45.38
43.362	11.89	45.82
43.341	12.38	46.44
43.474	12.35	46.28
43.561	14.02	45.35
43.612	13.96	45.19
43.601	14.31	45.99
43.311	13.42	45.30
43.596	14.36	45.26
43.846	15.31	45.79
43.864	15.87	45.45
43.652	14.96	45.79
43.651	16.04	45.21
43.585	15.09	45.65
44.113	15.82	46.76
43.822	16.20	44.81
43.769	15.53	45.08
43.911	15.33	45.02
44.146	16.01	43.70
44.290	16.71	45.76
43.865	15.52	45.79
44.212	16.57	45.87
43.821	15.79	44.18
44.156	17.04	44.25
44.351	17.28	43.98
44.272	17.06	44.85
44.092	17.71	44.23
43.739	17.08	45.81
44.376	18.24	44.78
44.613	19.11	44.46
44.665	19.21	46.44
44.689	18.99	45.64
44.416	19.40	44.77
44.854	18.80	46.38
44.381	18.40	45.38
44.531	18.29	45.63
44.438	18.33	45.81
44.438	18.73	46.32
44.448	18.17	46.72
44.076	18.24	45.03
44.150	16.67	45.02
44.370	17.60	45.76
44.416	17.39	44.47
44.504	19.33	43.89
44.664	18.82	45.89
44.639	18.90	46.12
44.928	20.37	45.40
44.720	20.02	46.35
44.904	19.35	46.81
44.885	19.46	46.06
44.506	18.67	46.14
44.753	19.18	45.50
44.326	19.78	44.69
44.541	19.74	43.65
44.419	18.48	43.93
44.741	20.57	44.29
44.572	20.05	43.12
45.057	20.12	44.19
44.828	21.33	42.94
44.837	19.93	44.85
44.416	18.85	44.10
44.536	18.68	45.03
44.889	18.05	44.88
44.810	18.79	44.21
44.729	19.40	44.02
44.574	18.56	43.91
44.576	18.39	44.06
44.970	18.65	45.01
44.914	16.93	43.77
45.333	18.52	44.23
44.932	18.01	43.31
45.068	16.91	44.29
45.200	18.11	43.85
45.264	18.29	42.75
45.245	19.65	43.06
45.063	15.77	43.51
45.172	16.80	43.57
45.168	17.35	43.79
45.373	18.91	45.74
45.494	17.52	44.76
45.110	18.48	44.95
45.400	16.22	44.28
45.513	17.04	44.97
45.534	15.88	44.85
45.518	17.76	44.45
45.570	16.97	44.18
45.513	16.78	44.93
45.675	17.18	44.28
45.627	17.09	45.13
45.979	15.62	45.36
45.587	15.26	44.46
45.695	16.16	43.81
45.244	16.23	44.03
45.251	15.81	43.67
45.331	15.80	42.99
45.152	16.13	42.86
45.111	15.90	43.50
45.509	15.83	43.84
45.834	17.20	44.21
45.928	17.41	44.09
45.921	16.16	44.17
45.641	16.55	43.84
46.106	17.62	44.88
45.980	19.89	45.66
45.577	18.93	45.42
45.964	18.37	46.28
45.664	18.35	46.37
45.711	18.43	45.78
45.587	18.40	46.59
45.918	19.49	45.71
46.009	18.77	46.42
45.924	18.26	46.20
46.038	18.53	45.36
46.042	18.15	45.43
45.978	18.57	45.58
46.069	18.79	46.01
45.914	18.74	45.90
45.897	18.30	44.68
46.123	19.02	45.58
45.829	18.92	47.92
46.094	19.08	47.59
46.422	19.05	47.82
46.377	19.26	48.26
46.006	18.57	47.30
46.052	19.43	47.94
46.221	19.00	48.28
46.205	18.76	47.88
46.443	19.21	47.08
46.135	19.15	47.09
46.421	19.83	46.97
46.272	19.04	48.89
46.271	19.06	47.11
46.304	18.69	47.60
46.414	19.78	48.09
46.415	19.83	48.05
46.491	19.53	47.30
46.439	19.59	47.80
46.213	19.32	47.29
46.420	19.89	47.85
46.431	19.61	49.16
46.616	19.36	48.80
46.529	19.55	48.66
46.836	19.37	48.92
46.468	19.44	48.46
46.523	18.93	48.02
46.600	19.22	46.84
46.270	19.17	46.86
46.876	19.73	48.92
46.562	20.24	46.81
46.384	19.28	47.10
46.528	20.29	47.23
46.430	19.64	46.36
46.297	20.00	46.49
46.918	19.77	48.08
46.669	19.90	47.27
47.201	20.02	47.07
47.200	21.62	47.44
47.328	20.96	47.17
47.122	20.26	45.73
46.942	20.47	45.53
46.803	19.97	45.34
46.778	19.95	45.67
46.869	20.76	45.70
47.192	20.21	46.72
47.010	20.74	45.45
47.294	21.83	45.23
47.079	21.58	45.42
47.421	21.69	45.31
47.261	21.37	45.44
47.429	21.35	45.55
46.946	20.83	44.56
47.307	20.48	44.65
46.768	20.98	44.60
47.427	21.15	44.52
47.289	20.55	44.83
47.383	21.93	44.63
47.333	21.93	43.98
47.078	20.47	43.89
47.331	21.13	44.75
47.176	19.84	44.07
47.396	21.36	45.70
47.410	20.09	45.17
47.539	21.70	44.82
47.202	21.03	42.99
47.285	19.91	43.58
47.255	20.77	43.18
47.560	21.30	42.18
47.548	20.97	43.30
47.803	21.22	43.76
47.745	21.20	43.42
47.433	20.42	43.67
47.389	22.43	43.08
47.317	20.60	43.12
47.743	22.22	44.09
47.527	22.08	43.83
47.878	22.14	44.04
47.539	21.96	42.02
47.604	22.23	42.01
47.513	20.64	43.21
47.831	21.78	42.96
47.746	21.26	42.35
48.008	22.20	42.73
48.242	22.60	42.13
47.848	23.06	40.67
47.856	22.03	40.68
47.706	22.33	40.55
47.622	22.20	41.07
47.819	23.53	41.29
48.287	22.95	42.14
47.961	22.48	42.07
48.423	22.96	42.53
48.205	23.15	43.27
48.188	24.33	42.56
48.161	23.64	43.43
47.766	21.10	43.70
47.809	22.32	43.85
48.069	23.43	42.07
48.206	22.71	43.83
48.577	22.46	44.43
48.393	23.21	42.77
48.322	21.96	42.10
48.235	22.40	42.78
47.882	21.06	41.70
48.359	21.23	42.89
48.619	21.50	42.37
48.706	21.22	43.42
48.425	22.02	42.56
48.510	21.94	42.44
48.456	21.34	42.25
48.180	22.52	42.50
48.307	22.97	42.37
48.484	22.37	43.80
48.599	21.94	44.37
48.621	22.13	45.39
48.573	20.76	44.96
48.975	23.67	45.40
49.081	21.96	46.06
48.900	22.15	45.38
48.408	21.21	45.23
48.981	21.43	45.58
48.620	21.74	45.11
48.742	21.04	44.95
48.963	21.79	45.67
48.942	21.76	43.69
48.547	19.54	42.88
48.680	21.86	42.57
48.788	19.62	42.53
48.717	20.95	41.20
48.497	20.36	41.45
48.496	21.53	40.83
48.464	21.41	40.62
48.852	21.20	42.26
48.697	22.72	41.20
48.541	22.32	41.33
48.908	21.66	41.69
48.987	21.58	42.13
48.830	23.49	39.84
48.976	23.34	40.29
48.903	22.70	40.63
49.313	23.34	41.84
48.659	21.89	41.46
49.182	22.35	42.17
49.157	21.86	41.62
49.181	23.91	42.17
49.221	24.50	42.29
48.969	24.39	41.98
49.019	24.62	41.36
49.036	23.57	41.01
48.956	26.05	43.07
48.980	23.91	43.07
49.045	22.63	43.49
49.570	22.18	43.65
49.068	21.86	43.20
49.138	22.58	42.71
49.628	24.37	43.12
49.099	22.32	43.73
49.530	23.01	44.76
49.201	22.05	44.31
48.830	21.95	44.50
49.179	22.56	43.94
49.060	22.74	44.78
49.127	22.65	46.00
49.352	22.79	46.76
49.528	22.57	45.07
49.478	23.89	44.07
49.447	23.80	44.62
49.433	24.06	44.53
49.581	23.35	44.45
49.660	24.15	44.71
49.596	23.60	44.41
49.597	23.68	44.78
49.452	25.15	44.01
49.967	23.11	44.71
49.987	23.55	44.33
49.696	21.78	44.35
49.775	23.40	44.56
49.876	23.49	44.52
49.681	22.95	42.82
49.798	23.89	43.24
49.927	23.05	43.34
49.864	22.62	42.77
49.954	23.93	43.53
49.701	23.46	43.29
49.845	23.29	43.23
49.864	23.69	44.75
49.919	23.86	43.26
50.274	22.99	43.17
49.753	23.06	43.66
49.741	23.70	43.61
49.758	23.91	42.63
49.605	23.36	42.90
50.168	23.69	44.47
49.832	23.82	42.99
49.855	23.65	42.68
50.070	23.58	42.55
50.121	23.42	44.64
49.559	22.92	43.23
49.922	22.86	44.67
50.110	23.23	45.22
50.360	24.32	44.37
50.152	24.50	44.90
50.001	23.46	44.23
50.121	23.28	43.82
50.240	23.41	44.46
49.762	22.63	45.15
49.643	22.81	43.79
50.307	23.12	44.58
50.293	23.36	44.93
50.458	23.86	46.04
50.577	24.60	44.91
50.115	23.83	44.27
50.287	24.16	44.01
50.317	24.74	44.31
50.146	24.97	44.74
50.461	25.25	45.68
50.547	24.91	44.89
50.535	25.41	45.65
50.326	25.04	46.26
50.560	25.57	45.58
50.782	26.46	46.27
50.240	26.31	44.24
50.482	26.22	45.16
50.683	26.63	45.91
50.708	27.16	45.63
50.645	26.65	44.52
50.609	25.83	44.62
50.403	25.72	44.38
50.667	25.99	45.75
50.551	26.37	46.27
50.807	26.53	46.14
50.680	27.39	46.64
51.259	27.81	46.57
50.931	27.22	46.45
51.021	26.71	47.44
51.202	26.78	48.56
50.787	25.90	48.95
50.710	26.19	48.42
50.779	26.26	48.74
51.130	26.75	48.58
51.124	26.17	47.82
51.297	26.16	46.62
50.896	25.93	45.31
50.934	26.09	46.81
50.690	26.65	46.18
50.858	27.02	46.77
50.899	27.08	45.79
51.087	26.70	47.47
51.724	27.64	47.04
51.651	28.09	47.09
51.064	27.10	45.85
50.959	26.15	45.46
50.990	27.08	44.75
51.255	27.60	44.15
51.352	27.84	44.68
51.595	28.72	45.16
51.375	28.85	45.56
51.157	27.86	45.26
51.726	27.87	45.06
51.373	27.97	44.47
51.504	28.43	43.58
51.507	28.09	44.35
51.234	27.76	46.29
51.311	28.03	46.01
51.293	29.02	45.50
51.429	28.08	44.22
51.249	28.21	43.28
51.487	28.80	43.69
51.602	29.82	43.00
51.658	28.54	42.11
51.523	27.89	41.92
51.521	29.42	41.62
51.530	28.69	42.65
51.513	28.18	43.35
51.500	28.71	43.40
51.790	28.87	43.68
51.700	28.80	42.93
51.907	30.50	43.81
52.134	30.67	45.28
51.771	30.56	43.42
52.004	30.38	41.23
51.849	30.68	41.63
51.380	30.67	41.49
51.507	30.10	42.48
51.964	29.11	43.13
51.941	30.67	43.13
51.927	32.83	42.67
52.071	30.93	42.04
51.958	30.88	43.48
51.942	31.87	41.66
52.065	31.29	42.42
51.746	30.16	41.80
51.917	30.72	42.49
52.018	30.58	41.80
52.495	30.60	43.22
51.830	29.11	44.16
51.874	31.51	43.63
52.135	30.79	42.89
51.897	30.32	42.68
52.271	30.85	44.38
52.247	31.35	44.43
51.936	30.80	44.00
52.332	31.70	43.51
52.583	32.14	42.67
52.258	32.08	43.57
52.382	31.54	43.49
52.241	31.24	42.90
51.859	31.29	43.56
52.155	31.35	43.44
52.267	32.10	43.85
52.461	33.47	41.39
52.400	33.51	41.09
52.571	33.87	39.77
52.078	31.72	42.34
52.118	31.90	42.63
52.602	31.86	42.91
52.535	32.26	41.76
52.449	32.80	41.85
52.471	32.42	42.91
52.863	32.81	43.44
52.525	30.92	43.74
52.497	31.05	43.47
52.446	32.13	43.11
52.571	32.10	41.17
52.676	32.43	40.47
52.734	33.31	40.27
52.662	33.64	40.50
52.728	34.40	40.30
52.836	34.43	41.09
52.734	35.32	41.47
52.690	33.32	41.08
53.080	34.52	41.12
53.233	34.63	42.43
52.601	34.33	40.85
52.712	34.00	40.64
52.894	33.97	41.53
52.826	35.00	40.15
52.553	34.22	39.82
52.867	34.37	40.81
52.673	34.62	41.25
52.477	34.43	41.13
52.996	34.10	41.43
52.942	34.95	40.72
52.724	34.86	40.07
52.981	34.94	39.99
53.316	37.84	40.75
53.315	36.45	40.42
53.167	37.35	40.48
53.361	36.65	39.83
53.335	35.81	42.81
53.552	35.98	42.01
53.086	37.40	42.05
52.845	35.23	42.51
53.216	36.90	43.79
53.110	36.41	42.34
53.334	37.84	41.50
53.200	36.94	41.30
53.112	37.65	42.47
53.360	38.02	41.85
53.523	38.35	44.21
53.379	37.30	42.11
53.264	39.18	42.34
53.579	38.72	42.83
53.697	37.45	42.27
53.169	39.08	40.70
53.522	37.45	41.75
53.519	38.24	41.80
53.614	37.39	41.42
53.441	38.16	41.84
53.487	38.18	41.71
53.708	37.34	42.13
54.067	37.32	43.50
53.595	36.44	42.59
53.719	36.38	42.83
53.523	35.59	40.93
53.611	34.70	40.67
53.702	35.49	41.23
53.648	35.05	39.44
53.484	34.82	39.49
53.645	35.10	41.07
54.006	35.95	40.38
53.641	36.38	41.56
53.824	35.01	41.13
53.897	36.56	40.82
53.771	34.64	40.52
54.046	34.86	39.13
53.846	34.16	39.90
54.248	35.32	41.13
53.981	34.58	38.86
54.274	34.33	40.95
54.068	33.77	42.29
53.753	33.67	40.59
53.834	32.96	40.27
53.931	33.48	40.38
54.175	33.04	40.14
54.304	34.03	40.34
54.006	33.11	38.72
53.678	32.52	38.82
54.195	32.29	39.69
54.243	32.87	38.92
54.028	32.82	38.99
54.185	32.95	39.46
54.550	33.36	40.50
54.158	33.17	39.01
54.585	32.65	39.61
54.505	33.09	41.05
54.176	32.40	41.26
54.150	33.34	40.93
54.325	32.11	42.30
54.062	32.24	40.06
54.478	32.37	41.62
54.100	30.68	42.25
54.155	30.90	41.34
54.466	31.26	40.28
54.337	31.38	40.80
54.389	31.56	40.51
54.292	31.41	40.48
54.289	31.93	40.66
54.250	31.02	40.43
54.444	31.01	42.31
54.389	31.56	41.70
54.284	31.15	41.00
54.448	32.88	39.69
54.233	32.39	38.35
54.386	31.56	38.43
54.708	32.56	37.66
54.782	31.59	37.68
54.885	32.44	38.11
54.479	32.53	37.26
55.020	31.96	37.78
54.847	32.51	38.28
54.948	32.27	38.58
54.620	31.16	38.58
54.669	32.37	37.60
54.757	31.33	38.15
54.687	31.89	37.03
54.650	30.96	38.22
54.909	30.84	38.51
55.072	31.45	38.80
55.013	31.27	39.36
54.975	30.09	40.20
54.854	30.23	38.86
