"normalized_path","distinct_hashes","occurrences","sha256_values","containers"
"说明.md","2","2","71cfdb7c5c1b99686908ec2f3e931e31cbcfe4882dde36d59588b9b1e6c802af; b63224c2be829e66646420c710baf6a7ef2917ef90d24f544ae2404258d36c36","82de76be417b85dc7ffa4b14a5d190f347c16dded323ace376a4c1b63a8c2637; bc48c181aec43e1781e8bc1d55e6958d7626916c6946919e59aa4e480283411c"
"align_min.mdin","2","4","3ce73e908b0357f54a839cd4ea25cf201129ad9923af330657b8101fd5467e94; 4dde3de6e7cc73ef9d9dbbafc2f4af611246ec7cbaaadcb8e7a8d5ed692a0498","2d68fc708a32101691e7abddde3ca4c1e65554a7272c7186a9df379bab935363; d338a100947a70bdb3981e38a504fee4fa99bd9ddb8f0f1f2840ecc520318143; d62a9f9acfbcffb56119a56ce562dcc26b499f4d1c3872f850ada0c65bda8440; fc6041920c9c014b11c6f16b48459be447de4f5117ef6667a96b9c9de67dce32"
"amber/dihe.restraint","2","2","099ceb2708d3e5159f8ce6e38ad3c2066432f930c4454571ff8dbb1f851ba0ab; 1c8328c086ac4166dbd98e21dc3b8c800c4ac4abca87042c8a6ac52b0084478f","29509aa6a105b707ab9fb6b9065eb6cd3199cdb23a589372f9e9b699b18ee6a5; c690db985aa83b89b0863a7ac0a9069b0f1cbaef36ab9570529ff4e277f6ec74"
"amber/step3_input.parm7","2","2","0da43e84607fa3ed50133950f4654959a562f43e4a5e614cd6191453ed49445b; b184f776794d89351ca90a53b24f70e57f6c2cec4f6ca04ef914d7313757fc9f","29509aa6a105b707ab9fb6b9065eb6cd3199cdb23a589372f9e9b699b18ee6a5; c690db985aa83b89b0863a7ac0a9069b0f1cbaef36ab9570529ff4e277f6ec74"
"amber/step3_input.pdb","2","2","91275577c759c2e56448c0cf2364b791361abfb7e9bfa0f59b73ddc390eae0f4; e0d474096d81c26cef5f2845f0877eed1a0cd572d9f0cd4f4803639c2ce20d5d","29509aa6a105b707ab9fb6b9065eb6cd3199cdb23a589372f9e9b699b18ee6a5; c690db985aa83b89b0863a7ac0a9069b0f1cbaef36ab9570529ff4e277f6ec74"
"amber/step3_input.psf","2","2","e6647a44cb96f0c755df7d08dc161930983f79d5fd9e35e675006e75c0e868b3; fb99e30c9df73a2e3b841f18906719053b65c01e4f02377919df82bf4b1966e3","29509aa6a105b707ab9fb6b9065eb6cd3199cdb23a589372f9e9b699b18ee6a5; c690db985aa83b89b0863a7ac0a9069b0f1cbaef36ab9570529ff4e277f6ec74"
"amber/step3_input.rst7","2","2","4c8abcdb493b806a39fb3e78998c2283141a02e32f0a260c146c4bf04d2d1e0f; f444f1cc23a1a763000c95114d25ffb18fed3b3ffdd24d2cb49b00d19dcf2816","29509aa6a105b707ab9fb6b9065eb6cd3199cdb23a589372f9e9b699b18ee6a5; c690db985aa83b89b0863a7ac0a9069b0f1cbaef36ab9570529ff4e277f6ec74"
"amber/step4.0_minimization.mdin","2","2","9d56b50b2647416108a2e6c843acf7752358f8874f83414f385b7f98463327e3; f0e4e7d39940b1ba6c801d34b1cd2ee3340d0f42f23a6890c12b4f0d71d2688d","29509aa6a105b707ab9fb6b9065eb6cd3199cdb23a589372f9e9b699b18ee6a5; c690db985aa83b89b0863a7ac0a9069b0f1cbaef36ab9570529ff4e277f6ec74"
"amber/step4.1_equilibration.mdin","2","2","84ac94d06059cf1b4eda59a8822b6e72c45df8d536f9eb7c0fbaa9fa0cf0c4f9; bd4f765235a8d30bc88d7130e661b57b411fee0600743e86563241c54c09aa35","29509aa6a105b707ab9fb6b9065eb6cd3199cdb23a589372f9e9b699b18ee6a5; c690db985aa83b89b0863a7ac0a9069b0f1cbaef36ab9570529ff4e277f6ec74"
"amber/sysinfo.dat","2","2","11ea7a5dda0192456804372edc68963730af5fe932a6d8a654c00c27ebfe5e72; 71523e5d46e0aea64e0cb90ca9a919e801d22310d7013142e2f8820cf3c8cab3","29509aa6a105b707ab9fb6b9065eb6cd3199cdb23a589372f9e9b699b18ee6a5; c690db985aa83b89b0863a7ac0a9069b0f1cbaef36ab9570529ff4e277f6ec74"
"analyze_smd.py","3","6","3c26487e93149acb40cb77de3490560cd16bba7df1cd212056913c8f6c95dad0; 63cdce37976d404943901f8a98cea36d0f43613622bc3eb7ecebeebb2bd9a842; aea068465269461d60f39be0434cc432b8ed4a650d58ffd7c96e252589e57fa3","2d68fc708a32101691e7abddde3ca4c1e65554a7272c7186a9df379bab935363; 82de76be417b85dc7ffa4b14a5d190f347c16dded323ace376a4c1b63a8c2637; bc48c181aec43e1781e8bc1d55e6958d7626916c6946919e59aa4e480283411c; d338a100947a70bdb3981e38a504fee4fa99bd9ddb8f0f1f2840ecc520318143; d62a9f9acfbcffb56119a56ce562dcc26b499f4d1c3872f850ada0c65bda8440; fc6041920c9c014b11c6f16b48459be447de4f5117ef6667a96b9c9de67dce32"
"carbohydrate_improper_restraint.str","2","2","6b5cdef8f4f34e34a5d91a7bc0935753f6f709fea7a0852f61eaf1b87669959d; f70ddba56fc4301cbcf829ee58aae67746c4c659a9573725c5dbdf1e221643f6","29509aa6a105b707ab9fb6b9065eb6cd3199cdb23a589372f9e9b699b18ee6a5; c690db985aa83b89b0863a7ac0a9069b0f1cbaef36ab9570529ff4e277f6ec74"
"carbohydrate_restraint.str","2","2","5bbf82e78118e8bd29d829dbb64d4ab7d524fc19ff6aca51fbd480160ea29b2c; 76f45f4272eb671f98b6b05cb65b841d42c9748156277e32812daa3abfc06add","29509aa6a105b707ab9fb6b9065eb6cd3199cdb23a589372f9e9b699b18ee6a5; c690db985aa83b89b0863a7ac0a9069b0f1cbaef36ab9570529ff4e277f6ec74"
"crystal_image.str","2","2","87d8116a5e6167ec4d0f248576f46bb49cbd0498bab5c2ef48cfe62c37a182c6; 93d485b57193f00b8410eea03ffc95c93605fffd3f35a6ec86afbdcf701d99f9","29509aa6a105b707ab9fb6b9065eb6cd3199cdb23a589372f9e9b699b18ee6a5; c690db985aa83b89b0863a7ac0a9069b0f1cbaef36ab9570529ff4e277f6ec74"
"eq1_nvt.mdin","2","4","6b0c7752735e720b3403b8b1ddfedfd22f58ccdc4645c407392539bf436c13a5; e10727af3cc56f17902a8e141e87fb6ebc07aa0b1e124cd8ff16950eca10f1b6","2d68fc708a32101691e7abddde3ca4c1e65554a7272c7186a9df379bab935363; d338a100947a70bdb3981e38a504fee4fa99bd9ddb8f0f1f2840ecc520318143; d62a9f9acfbcffb56119a56ce562dcc26b499f4d1c3872f850ada0c65bda8440; fc6041920c9c014b11c6f16b48459be447de4f5117ef6667a96b9c9de67dce32"
"eq2_npt.mdin","2","4","d893915a76fd4dde84073a27f9a801fbf64972018de6ce81d8cca8b8ea3e7efb; ee09379b6b252fd14f450ce15e3b233893abba478f5fc87000e98dccb90f5e40","2d68fc708a32101691e7abddde3ca4c1e65554a7272c7186a9df379bab935363; d338a100947a70bdb3981e38a504fee4fa99bd9ddb8f0f1f2840ecc520318143; d62a9f9acfbcffb56119a56ce562dcc26b499f4d1c3872f850ada0c65bda8440; fc6041920c9c014b11c6f16b48459be447de4f5117ef6667a96b9c9de67dce32"
"eq3_npt.mdin","2","4","3b4a46113e92d1f0cfba51ba7d9a1b1fccef5b0b72799769f135bc0da6693e5d; fd93aaca3d648636b2cba8ba33846f76f3a7d029823125bd8770404b8356c71e","2d68fc708a32101691e7abddde3ca4c1e65554a7272c7186a9df379bab935363; d338a100947a70bdb3981e38a504fee4fa99bd9ddb8f0f1f2840ecc520318143; d62a9f9acfbcffb56119a56ce562dcc26b499f4d1c3872f850ada0c65bda8440; fc6041920c9c014b11c6f16b48459be447de4f5117ef6667a96b9c9de67dce32"
"eq4_npt.mdin","2","4","e266561498df7cc0d165895716c2b996af0faea3fe51b8b02ceba0ce50a8d1cd; ff52803be1d29290f832e049133a8c818d7137e6524bc1ae493c0a7e1a00f031","2d68fc708a32101691e7abddde3ca4c1e65554a7272c7186a9df379bab935363; d338a100947a70bdb3981e38a504fee4fa99bd9ddb8f0f1f2840ecc520318143; d62a9f9acfbcffb56119a56ce562dcc26b499f4d1c3872f850ada0c65bda8440; fc6041920c9c014b11c6f16b48459be447de4f5117ef6667a96b9c9de67dce32"
"glycan_mod.yml","2","2","417d20e7b524d13ca7e3860bf206eefa076584761667020533cfb3e759fca74e; 9276c9a6558d9592586e90fe5bdac6375f6827c5941da7f8d6bb4bd273f90638","29509aa6a105b707ab9fb6b9065eb6cd3199cdb23a589372f9e9b699b18ee6a5; c690db985aa83b89b0863a7ac0a9069b0f1cbaef36ab9570529ff4e277f6ec74"
"run_smd_cleaved.sh","2","3","039b90244a665273fdfa758d62f07ab47ef8c9c2ebb3122f237c194235484a01; d6f86a2f9e639bd6d39239a4b508c9250c996c870a16227ff704c2912f3294e2","3d5bdec39c6de7bfbbdeea2d6f1b1b74fd4a9e938b2743ecb949bee20ea677c3; 82de76be417b85dc7ffa4b14a5d190f347c16dded323ace376a4c1b63a8c2637; bc48c181aec43e1781e8bc1d55e6958d7626916c6946919e59aa4e480283411c"
"run_smd_uncleaved.sh","2","3","5b8337c66ae43e38c05950348e8fd1315e719c67ba5a49d399684ed9fc0daa44; 9c5cd5f1a7fe1ec8239074e5d3bf57e00feb1277b914c400adb3a50f61a45b4e","3d5bdec39c6de7bfbbdeea2d6f1b1b74fd4a9e938b2743ecb949bee20ea677c3; 82de76be417b85dc7ffa4b14a5d190f347c16dded323ace376a4c1b63a8c2637; bc48c181aec43e1781e8bc1d55e6958d7626916c6946919e59aa4e480283411c"
"run_smd.sh","3","6","2ced9b9502e98871b2c28f686645614146dd02974cbadae93996e73947333d3b; a549c9414fb60940bd1ec8d6d56ec1226d8db290e2013056d9a4a554abc78ff5; bbcdb1653a27efcff43aba23382483e3fbd37044f6c279e19ee2d37496a0969c","2d68fc708a32101691e7abddde3ca4c1e65554a7272c7186a9df379bab935363; 82de76be417b85dc7ffa4b14a5d190f347c16dded323ace376a4c1b63a8c2637; bc48c181aec43e1781e8bc1d55e6958d7626916c6946919e59aa4e480283411c; d338a100947a70bdb3981e38a504fee4fa99bd9ddb8f0f1f2840ecc520318143; d62a9f9acfbcffb56119a56ce562dcc26b499f4d1c3872f850ada0c65bda8440; fc6041920c9c014b11c6f16b48459be447de4f5117ef6667a96b9c9de67dce32"
"smd_pull_cleaved.mdin","2","3","2a33433aa3b9f90df0650e7e5e2e5e7eefc36de5fb27d996fd96c360470dc61b; f0416a6f8982ce282eaae38a3a68c97bf1ee45eb8aa9edaff8f3de03a8937765","3d5bdec39c6de7bfbbdeea2d6f1b1b74fd4a9e938b2743ecb949bee20ea677c3; 82de76be417b85dc7ffa4b14a5d190f347c16dded323ace376a4c1b63a8c2637; bc48c181aec43e1781e8bc1d55e6958d7626916c6946919e59aa4e480283411c"
"smd_pull_uncleaved.mdin","2","3","aca4246553812739d1c49d01c4fca07ea5beadd4146d88602d100af738c8ac0f; d8145819476e9aae38be5cc5d807da247cd5090d55418482e4c64a9b9094b212","3d5bdec39c6de7bfbbdeea2d6f1b1b74fd4a9e938b2743ecb949bee20ea677c3; 82de76be417b85dc7ffa4b14a5d190f347c16dded323ace376a4c1b63a8c2637; bc48c181aec43e1781e8bc1d55e6958d7626916c6946919e59aa4e480283411c"
"smd_pull.mdin","4","4","2a33433aa3b9f90df0650e7e5e2e5e7eefc36de5fb27d996fd96c360470dc61b; 61cd632030e2cd3adab6c01144dc2ca669ce37fe6008ba163773d2c67640c904; 634076eacd93e0a1989809448400ef722ac2c397837873770251361e4f5ed9c1; d8145819476e9aae38be5cc5d807da247cd5090d55418482e4c64a9b9094b212","2d68fc708a32101691e7abddde3ca4c1e65554a7272c7186a9df379bab935363; d338a100947a70bdb3981e38a504fee4fa99bd9ddb8f0f1f2840ecc520318143; d62a9f9acfbcffb56119a56ce562dcc26b499f4d1c3872f850ada0c65bda8440; fc6041920c9c014b11c6f16b48459be447de4f5117ef6667a96b9c9de67dce32"
"smd.RST","2","4","5714b00ba8ec4d0b241d3f028b11dbd19701de7250d4c9df8c1d1124f3c85fe2; 936be5eb333897426fa837cc6a784e82d4cbd09e4dbae4acee130f2b62262de2","2d68fc708a32101691e7abddde3ca4c1e65554a7272c7186a9df379bab935363; d338a100947a70bdb3981e38a504fee4fa99bd9ddb8f0f1f2840ecc520318143; d62a9f9acfbcffb56119a56ce562dcc26b499f4d1c3872f850ada0c65bda8440; fc6041920c9c014b11c6f16b48459be447de4f5117ef6667a96b9c9de67dce32"
"step1_pdbreader_glycan_clust.str","2","2","461923c9d3fd1fcb08d548ff89d0b8ab0a915390410f3edfc5ce4862d897cb91; 4a06136c1cd162613527abc50635bd28a7ac0d44da3092f11171a99c5cf4f876","29509aa6a105b707ab9fb6b9065eb6cd3199cdb23a589372f9e9b699b18ee6a5; c690db985aa83b89b0863a7ac0a9069b0f1cbaef36ab9570529ff4e277f6ec74"
"step1_pdbreader_glycan.str","2","2","272fa323b690334cf24252d8233df3eef1ab384599303a6aa911d5bd1605a150; fa2f2cc881f400cb32237b44052d6012bea3e25bfc008b296baeb316393f040f","29509aa6a105b707ab9fb6b9065eb6cd3199cdb23a589372f9e9b699b18ee6a5; c690db985aa83b89b0863a7ac0a9069b0f1cbaef36ab9570529ff4e277f6ec74"
"step1_pdbreader.crd","2","2","0e007a1b67d87ec97aadb945f1b1ec2b29ecaf7b7ca547b52268dd350a809f68; 1846f525bcaf79e8b2b7581d650cec49cb1498e1e6244d84d2d13d1d1a4ac8a0","29509aa6a105b707ab9fb6b9065eb6cd3199cdb23a589372f9e9b699b18ee6a5; c690db985aa83b89b0863a7ac0a9069b0f1cbaef36ab9570529ff4e277f6ec74"
"step1_pdbreader.inp","2","2","73f441cda56eaa2c4170f3d3b333b87333e884f8cdedd81a1698e97b04261f0d; f9e62ce12bfcb6a511481aade28391609af5fb1ee1cf57ef324687f3dc75d902","29509aa6a105b707ab9fb6b9065eb6cd3199cdb23a589372f9e9b699b18ee6a5; c690db985aa83b89b0863a7ac0a9069b0f1cbaef36ab9570529ff4e277f6ec74"
"step1_pdbreader.out","2","2","13fe37b9a1787d6d43dd2a5811c8a57aa510d74ead02676e9615c7fda3847043; f103d7e2d167333c5da91f1b5cccb67caa7e12adaff3b738a36e7154b90dc818","29509aa6a105b707ab9fb6b9065eb6cd3199cdb23a589372f9e9b699b18ee6a5; c690db985aa83b89b0863a7ac0a9069b0f1cbaef36ab9570529ff4e277f6ec74"
"step1_pdbreader.pdb","2","2","5506d8872fd9c4df3cfe95ee87be3de994e95cc2f22d2f1ecad230d631159f2e; e5e9c2964646fa206c72984d6a4144c803fffefa1659226620925ebad45ef7a4","29509aa6a105b707ab9fb6b9065eb6cd3199cdb23a589372f9e9b699b18ee6a5; c690db985aa83b89b0863a7ac0a9069b0f1cbaef36ab9570529ff4e277f6ec74"
"step1_pdbreader.psf","2","2","af24300a8836d960306ea40fdeb03423d01fc8bfd2253ab7665a4283e2dee6d9; b74229b3488fdb4b8ba9b77a86735fe19fd637d55f96c318bec980cf74ba0f5c","29509aa6a105b707ab9fb6b9065eb6cd3199cdb23a589372f9e9b699b18ee6a5; c690db985aa83b89b0863a7ac0a9069b0f1cbaef36ab9570529ff4e277f6ec74"
"step1_pdbreader.str","2","2","d3b50ebac2568e40cc95804cd138f6940d8e178cd8ed4984fbeaa8d5cdc54b82; ec195ea5065a94305669d0941b1736219fe004cd55657a6b853f7cfdd3a8cc83","29509aa6a105b707ab9fb6b9065eb6cd3199cdb23a589372f9e9b699b18ee6a5; c690db985aa83b89b0863a7ac0a9069b0f1cbaef36ab9570529ff4e277f6ec74"
"step2_solvator.crd","2","2","07006f2db4ec66f1f71d182327915480cabed336570bbc04d7106163541b6060; 5e1c56f5dd010a13996591da5719be8726f1b119cffa4d56ebca39780c6028e5","29509aa6a105b707ab9fb6b9065eb6cd3199cdb23a589372f9e9b699b18ee6a5; c690db985aa83b89b0863a7ac0a9069b0f1cbaef36ab9570529ff4e277f6ec74"
"step2_solvator.inp","2","2","05d98ebb2a700cbe3f3dd09b3a5a3d392d88ecf7bb6348be20301389d944a1e8; d7abf17c0c7eb37cc6682f028ee02f38665bc717d22fb7dd7b552e12e485cbbf","29509aa6a105b707ab9fb6b9065eb6cd3199cdb23a589372f9e9b699b18ee6a5; c690db985aa83b89b0863a7ac0a9069b0f1cbaef36ab9570529ff4e277f6ec74"
"step2_solvator.out","2","2","4dbf797f24b6e7e6fe03694d2168792f0af8032dbbf400842763a0c64a2b556b; d55a1793d2967fe134dee46ee7155b01a0b882f7dcec3adbec6b7e0b2a76de41","29509aa6a105b707ab9fb6b9065eb6cd3199cdb23a589372f9e9b699b18ee6a5; c690db985aa83b89b0863a7ac0a9069b0f1cbaef36ab9570529ff4e277f6ec74"
"step2_solvator.pdb","2","2","10972c1addd213c8aaaf9d5382278b04f14a983ca4003c2b4a3521145fc0281b; e51032cb2271ede38c3642ba224614878298aee161d22b8c45ed9256832671de","29509aa6a105b707ab9fb6b9065eb6cd3199cdb23a589372f9e9b699b18ee6a5; c690db985aa83b89b0863a7ac0a9069b0f1cbaef36ab9570529ff4e277f6ec74"
"step2_solvator.psf","2","2","0cec151f0e55e83bed0801876ba48ed899308f591cbaa24dd26c107e34ed7b8a; 65f03cce21901add47536ede1da886f0773e15ad5e0f3096f38b4e4102e295cb","29509aa6a105b707ab9fb6b9065eb6cd3199cdb23a589372f9e9b699b18ee6a5; c690db985aa83b89b0863a7ac0a9069b0f1cbaef36ab9570529ff4e277f6ec74"
"step2_solvator.str","2","2","c8f54e556c79322d5a7a069c5d55713f2a7855db3b73ec341b14811fe44ea3dc; cc73a6f73e606a9c2de7a4e9797611567d4a2060ecd4bfc1a9a4fb8aa5fd14e3","29509aa6a105b707ab9fb6b9065eb6cd3199cdb23a589372f9e9b699b18ee6a5; c690db985aa83b89b0863a7ac0a9069b0f1cbaef36ab9570529ff4e277f6ec74"
"step2.1_waterbox.crd","2","2","18926780fd545cea8efe379492bf1ecaef1af763a597e65d8a425eba73dfdf69; b946123d2ba7eca88aeafdafa428c0fd428d99b4366562235b51d6d487614179","29509aa6a105b707ab9fb6b9065eb6cd3199cdb23a589372f9e9b699b18ee6a5; c690db985aa83b89b0863a7ac0a9069b0f1cbaef36ab9570529ff4e277f6ec74"
"step2.1_waterbox.inp","2","2","33d17869f41f27ebe7e26ad3b776283457665415c7a15c15440a190be00bb003; d70a0ac37529b2c1152f8491d15ba332fc614ee8840d975f0dbc2f6a94bf38dc","29509aa6a105b707ab9fb6b9065eb6cd3199cdb23a589372f9e9b699b18ee6a5; c690db985aa83b89b0863a7ac0a9069b0f1cbaef36ab9570529ff4e277f6ec74"
"step2.1_waterbox.out","2","2","4f5525cda98485093901e89483db66fde43ff417daf2dd64707900f9ffdf9234; 758220a153c1454548728205ebfae20ce1991caa6a1e0aa5a2d3c6ed47f87bf2","29509aa6a105b707ab9fb6b9065eb6cd3199cdb23a589372f9e9b699b18ee6a5; c690db985aa83b89b0863a7ac0a9069b0f1cbaef36ab9570529ff4e277f6ec74"
"step2.1_waterbox.pdb","2","2","1d31a17d6bb1c07a663f89aafa23f814099bd676c6af37d1d0e0fa184669e5de; 2fec8bc7c47c47f04cd6cdc43fcce00e371be76c17adf9eaeca88f0791f08b0a","29509aa6a105b707ab9fb6b9065eb6cd3199cdb23a589372f9e9b699b18ee6a5; c690db985aa83b89b0863a7ac0a9069b0f1cbaef36ab9570529ff4e277f6ec74"
"step2.2_ions_orient.crd","2","2","50460092503046395d39d675c98391a99c03410493a6ccd679f69ea9c64a9899; 58b96bff95aff995de5fdeff79f0ae65d756cc9ca71241ee5f4675cc5864835e","29509aa6a105b707ab9fb6b9065eb6cd3199cdb23a589372f9e9b699b18ee6a5; c690db985aa83b89b0863a7ac0a9069b0f1cbaef36ab9570529ff4e277f6ec74"
"step2.2_ions.crd","2","2","970558308be41207de3f035c665ffaae0583b99229add2dc2b2fc33c1263a515; eb301062fa5147d7306ed033b90321c1d29d8d49d243ca199ca34958c89d7e64","29509aa6a105b707ab9fb6b9065eb6cd3199cdb23a589372f9e9b699b18ee6a5; c690db985aa83b89b0863a7ac0a9069b0f1cbaef36ab9570529ff4e277f6ec74"
"step2.2_ions.inp","2","2","c9ce43b20601b009e2850d75739079360df224486abd8380bd0c21529165a457; e45102d1981cfa9ea7b595acaaf221ab85f7ddea7794801f1d904d090ab969de","29509aa6a105b707ab9fb6b9065eb6cd3199cdb23a589372f9e9b699b18ee6a5; c690db985aa83b89b0863a7ac0a9069b0f1cbaef36ab9570529ff4e277f6ec74"
"step2.2_ions.out","2","2","866f9f9fd062e9e261c2f50c947457af14070d87e6dc0b1e17ab36e20fdf68f9; be67c3aadbf2f6ae3fc7638e23ebb5ad207c3886565e3eef6b6ecff39b65750b","29509aa6a105b707ab9fb6b9065eb6cd3199cdb23a589372f9e9b699b18ee6a5; c690db985aa83b89b0863a7ac0a9069b0f1cbaef36ab9570529ff4e277f6ec74"
"step2.2_ions.pdb","2","2","20591c38bb4d78d5a669d84fa744003711854d1ccbe83baf83bd2d64b6c46d18; 33a2c325ef89463ea274080e00e02a1cb73a1ddd7df37ef7e8a2c5bcdf38e75b","29509aa6a105b707ab9fb6b9065eb6cd3199cdb23a589372f9e9b699b18ee6a5; c690db985aa83b89b0863a7ac0a9069b0f1cbaef36ab9570529ff4e277f6ec74"
"step2.2_ions.psf","2","2","0918757647fe01d3a5cfd2945c52f55dc1c72358315fb40a5901e900b95184a2; 7b67a21983f6c50794ab226726105f8d78b14af85a1e2fc97c2716e5c779fb08","29509aa6a105b707ab9fb6b9065eb6cd3199cdb23a589372f9e9b699b18ee6a5; c690db985aa83b89b0863a7ac0a9069b0f1cbaef36ab9570529ff4e277f6ec74"
"step3_pbcsetup.crd","2","2","0ea6e6e1422510afb9740fc0b100aecacbfde15c6ff939dc8ecdc416684d6272; 7e95bc4a7849fc4e93423d9a453fb9790c6a7369ccea0a8730934ed40d10dfcd","29509aa6a105b707ab9fb6b9065eb6cd3199cdb23a589372f9e9b699b18ee6a5; c690db985aa83b89b0863a7ac0a9069b0f1cbaef36ab9570529ff4e277f6ec74"
"step3_pbcsetup.inp","2","2","36fe06ed2c2ca0e736e88c8a20c78bdbead84df8a739b054a21ae11b92a28473; f932caa275fdb9681acbc22ed265234d1de4a1bc0a3ce8625066504be9aefce7","29509aa6a105b707ab9fb6b9065eb6cd3199cdb23a589372f9e9b699b18ee6a5; c690db985aa83b89b0863a7ac0a9069b0f1cbaef36ab9570529ff4e277f6ec74"
"step3_pbcsetup.oldpsf","2","2","2e91f159cc63fcae0a50b3eb61c1cb8f5829dd44f5c34c30881bc044dd77415c; d9a52865575c8877e880f886497d65256f1a761764658af956c57581b6c95a9c","29509aa6a105b707ab9fb6b9065eb6cd3199cdb23a589372f9e9b699b18ee6a5; c690db985aa83b89b0863a7ac0a9069b0f1cbaef36ab9570529ff4e277f6ec74"
"step3_pbcsetup.out","2","2","06efd10b6c4143c469a50836924acda6bad62e4b25a1d1a1247c0fac19093d96; 28624a5e668105cb26b4b6f46c35069e5c6bbf0891f9134fd25bb38af49c0937","29509aa6a105b707ab9fb6b9065eb6cd3199cdb23a589372f9e9b699b18ee6a5; c690db985aa83b89b0863a7ac0a9069b0f1cbaef36ab9570529ff4e277f6ec74"
"step3_pbcsetup.pdb","2","2","d7ce13106eb70b0b83d663cb8588c80b93abb5c18f09c5bbc9d6de1a0cd8b7aa; f072740b029e6d8372c043e7fffcf7eaba3d7ed80b1843e03d5505884afef064","29509aa6a105b707ab9fb6b9065eb6cd3199cdb23a589372f9e9b699b18ee6a5; c690db985aa83b89b0863a7ac0a9069b0f1cbaef36ab9570529ff4e277f6ec74"
"step3_pbcsetup.psf","2","2","97b9cb5ef04e79940c62922c60803500fd8c2ff18c7ed56febaa9d981450d60c; d903447634542a016a647805901fc3477fdda19999e596c7ec8544749db4446a","29509aa6a105b707ab9fb6b9065eb6cd3199cdb23a589372f9e9b699b18ee6a5; c690db985aa83b89b0863a7ac0a9069b0f1cbaef36ab9570529ff4e277f6ec74"
"step4_equilibration.inp","2","2","92f88f39871b56bb2f1f2a996cb3d0791dc3202f8c068d452c77ca49289673ad; e8ff554c26e081424d8953f922441832edc768710739d6427f5ed3a64e255ca9","29509aa6a105b707ab9fb6b9065eb6cd3199cdb23a589372f9e9b699b18ee6a5; c690db985aa83b89b0863a7ac0a9069b0f1cbaef36ab9570529ff4e277f6ec74"
"step5_production.inp","2","2","0cbab5037e27b77e7694a2e6c55451f2ffd633e38dc2d5e71f9c3bfaa15d70ee; e4291f1d19074e4bba09d1a294da4076e98680fcda4101eca14fe4c8bf7e3239","29509aa6a105b707ab9fb6b9065eb6cd3199cdb23a589372f9e9b699b18ee6a5; c690db985aa83b89b0863a7ac0a9069b0f1cbaef36ab9570529ff4e277f6ec74"
"test.pdb","2","2","033982c4d1a0a15445dfd0701ae5233dcf0d4fbc7db481dcb6fa4e93d20427b8; a9b59b3e3b4933618e631967a653f80ff44b5664e72d3171f1fcd191197d718d","29509aa6a105b707ab9fb6b9065eb6cd3199cdb23a589372f9e9b699b18ee6a5; c690db985aa83b89b0863a7ac0a9069b0f1cbaef36ab9570529ff4e277f6ec74"
"test.yml","2","2","05eb752cd437991d22122b0497ca8b2cfa8e534b5f8b6d2a5d84daf537b58af1; c4d8cf3c42c76a33148f4a868eefc09ad1f17f7b4bf1f0781e82a08bb165b569","29509aa6a105b707ab9fb6b9065eb6cd3199cdb23a589372f9e9b699b18ee6a5; c690db985aa83b89b0863a7ac0a9069b0f1cbaef36ab9570529ff4e277f6ec74"
"toppar.str","2","2","296045208ff23babe150f3d1218b0ad44f8906fb23c5e0c0ce92526124b05d6e; 918588d2524e421b0f713091ca92351995e395783eae021381ca2848904297a0","29509aa6a105b707ab9fb6b9065eb6cd3199cdb23a589372f9e9b699b18ee6a5; c690db985aa83b89b0863a7ac0a9069b0f1cbaef36ab9570529ff4e277f6ec74"
"water_tmp.crd","2","2","57c018d0ca5ad7ac0ee97ab3d6f2e8514d46d09c917bf0852e2d4147a200a06d; ab91bd1b13dcb7f0742c12d98eff067341dab201d6cdac66a4952a197dbfbce2","29509aa6a105b707ab9fb6b9065eb6cd3199cdb23a589372f9e9b699b18ee6a5; c690db985aa83b89b0863a7ac0a9069b0f1cbaef36ab9570529ff4e277f6ec74"
