relative_path	bytes	sha256
说明.md	1528	2a058a313ad631771a2cd0965b874b2fb63e461cf74e74df027d75f591b2b4c4
common/analyze_smd.py	8374	aea068465269461d60f39be0434cc432b8ed4a650d58ffd7c96e252589e57fa3
common/run_smd.sh	9008	a549c9414fb60940bd1ec8d6d56ec1226d8db290e2013056d9a4a554abc78ff5
construct-X/cleaved/run_smd_cleaved.sh	9175	d6f86a2f9e639bd6d39239a4b508c9250c996c870a16227ff704c2912f3294e2
construct-X/cleaved/smd_cleaved.RST	1999	3bedbe1ecdc8845b4809a36b450fc5b9e310a1c715906a918496ec379fa9b339
construct-X/cleaved/smd_pull_cleaved.mdin	620	f0416a6f8982ce282eaae38a3a68c97bf1ee45eb8aa9edaff8f3de03a8937765
construct-X/uncleaved/run_smd_uncleaved.sh	9203	5b8337c66ae43e38c05950348e8fd1315e719c67ba5a49d399684ed9fc0daa44
construct-X/uncleaved/smd_pull_uncleaved.mdin	612	aca4246553812739d1c49d01c4fca07ea5beadd4146d88602d100af738c8ac0f
construct-X/uncleaved/smd_uncleaved.RST	2001	011264d1ae20ad331d60ded81b8260940491978d413474a041588a020a81fd70
SOURCE_ARCHIVES.tsv	542	4531f2973e8d252a9a36d272d9e7a406c35c215d595fcd36deadeb25590ee2e3
SOURCE_MEMBERS.tsv	3514	1c744da3bb81454abf732fe1ab6b380a03453a4149696f9d6b5530c73a22e00b
source_variants/说明_container_final_82de76be.md	5266	b63224c2be829e66646420c710baf6a7ef2917ef90d24f544ae2404258d36c36
source_variants/说明_pre_final_bc48c181.md	4154	71cfdb7c5c1b99686908ec2f3e931e31cbcfe4882dde36d59588b9b1e6c802af
