system	round	source_side	path	size_bytes	sha256	status
cleaved	01_预平衡	online	03_SMD运行/cleaved/证据/align_min_cleaved_v01.mdout	9400	bd359b06d02db257e148155a3e897cbf433194226e1e1a0fbd2f73bc2e755f21	ONLINE_PARTIAL_OUTPUT
cleaved	02_SMD测试	online	03_SMD运行/cleaved/证据/smd_pull_cleaved_v01.mdout	8092	4b48e190cf35250898fafb58717b7f27ecf5834c20a86acabed2d0734f8b01bb	ONLINE_PARTIAL_OUTPUT
cleaved	01_预平衡	online	03_SMD运行/cleaved/align_min_cleaved_v01.mdin	412	3ce73e908b0357f54a839cd4ea25cf201129ad9923af330657b8101fd5467e94	EXACT_CONTENT_MATCH_REFERENCE_ONLY
cleaved	01_预平衡	online	03_SMD运行/cleaved/eq1_nvt_cleaved_v01.mdin	504	6b0c7752735e720b3403b8b1ddfedfd22f58ccdc4645c407392539bf436c13a5	EXACT_CONTENT_MATCH_REFERENCE_ONLY
cleaved	01_预平衡	online	03_SMD运行/cleaved/eq2_npt_cleaved_v01.mdin	526	ee09379b6b252fd14f450ce15e3b233893abba478f5fc87000e98dccb90f5e40	EXACT_CONTENT_MATCH_REFERENCE_ONLY
cleaved	01_预平衡	online	03_SMD运行/cleaved/eq3_npt_cleaved_v01.mdin	526	fd93aaca3d648636b2cba8ba33846f76f3a7d029823125bd8770404b8356c71e	EXACT_CONTENT_MATCH_REFERENCE_ONLY
cleaved	01_预平衡	online	03_SMD运行/cleaved/eq4_npt_cleaved_v01.mdin	472	e266561498df7cc0d165895716c2b996af0faea3fe51b8b02ceba0ce50a8d1cd	EXACT_CONTENT_MATCH_REFERENCE_ONLY
cleaved	01_预平衡	online	03_SMD运行/cleaved/eq5_npt_cleaved_v01.mdin	417	2e6e8a09dafd71591c987fca5d062354579d777b6ae2dad7a0886ab88df7e9ac	EXACT_CONTENT_MATCH_REFERENCE_ONLY
cleaved	01_预平衡	online	03_SMD运行/cleaved/run_equil_cleaved_v01.sh	5924	dea2281cf984e165f953b788dad57d16574f20520b2aac366f5720e8c83509e2	UNRESOLVED_CONTENT_DIFFERENCE
cleaved	03_SMD正式生产	online	03_SMD运行/cleaved/run_smd_cleaved_v03.sh	9357	e4ea100552813d7e9dbe1ceabc50bc15e2c8da635d013dc21d495cf74bf90ed2	UNRESOLVED_CONTENT_DIFFERENCE
cleaved	03_SMD正式生产	online	03_SMD运行/cleaved/smd_cleaved_v02.RST	1999	3bedbe1ecdc8845b4809a36b450fc5b9e310a1c715906a918496ec379fa9b339	EXACT_CONTENT_MATCH_REFERENCE_ONLY
cleaved	03_SMD正式生产	online	03_SMD运行/cleaved/smd_pull_cleaved_v03.mdin	644	cf93f5e7325e365a7f13999ee4c55b0432d7caa241fc333c867c6d633b4ce040	UNRESOLVED_CONTENT_DIFFERENCE
cleaved	阶段说明	online	03_SMD运行/cleaved/USAGE.md	6828	d3d658f2ffd3cded3c8fec2e71d4e927eaad083f30eb9e4eee1e7c57e3f87436	ONLINE_DOCUMENTATION
cleaved	01_预平衡	local	work/cprime_local_restructure_candidate_20260820/03_SMD运行/cleaved/01_预平衡/本地输出/align_min_cleaved_v01.mdout	113609	c948ca2f83382965a6bfed232eff50a0b0f383cb497b4e1c4738bc928f855fe9	LOCAL_ONLY_CANDIDATE_HASH_VERIFIED
cleaved	01_预平衡	local	work/cprime_local_restructure_candidate_20260820/03_SMD运行/cleaved/01_预平衡/本地输出/align_min_cleaved_v01.rst7	5818024	713e6284763cd7ba3ce746fc878e6aace7bbb29ea39f0dba2643f7bac0dbc280	LOCAL_ONLY_CANDIDATE_HASH_VERIFIED
cleaved	01_预平衡	local	work/cprime_local_restructure_candidate_20260820/03_SMD运行/cleaved/01_预平衡/本地输出/eq1_nvt_cleaved_v01.mdout	159250	9284c94d01960a7fca8830c481b4cbf05b910aa5588134fbd78128f416cc9a60	LOCAL_ONLY_CANDIDATE_HASH_VERIFIED
cleaved	01_预平衡	local	work/cprime_local_restructure_candidate_20260820/03_SMD运行/cleaved/01_预平衡/本地输出/eq1_nvt_cleaved_v01.nc	58173764	3916f285507e1221bcc89585f5dc5bb30b0523f6a7eba264d24f44a164afbc13	LOCAL_ONLY_CANDIDATE_HASH_VERIFIED
cleaved	01_预平衡	local	work/cprime_local_restructure_candidate_20260820/03_SMD运行/cleaved/01_预平衡/本地输出/eq1_nvt_cleaved_v01.rst7	11635340	68098cd4ed35650abefdb9407a2e79546190f8fefe7e4fe1b8079d62e5cb8386	LOCAL_ONLY_CANDIDATE_HASH_VERIFIED
cleaved	01_预平衡	local	work/cprime_local_restructure_candidate_20260820/03_SMD运行/cleaved/01_预平衡/本地输出/eq2_npt_cleaved_v01.mdout	177255	346d67a5df169bef76f346d0ffff62aa281cd25f6f3d4b5d468bc664f6ea906d	LOCAL_ONLY_CANDIDATE_HASH_VERIFIED
cleaved	01_预平衡	local	work/cprime_local_restructure_candidate_20260820/03_SMD运行/cleaved/01_预平衡/本地输出/eq2_npt_cleaved_v01.nc	58173764	6269e7e8a028f949a824331546d9504ba55287fcce74e0004f3c357c663aefb4	LOCAL_ONLY_CANDIDATE_HASH_VERIFIED
cleaved	01_预平衡	local	work/cprime_local_restructure_candidate_20260820/03_SMD运行/cleaved/01_预平衡/本地输出/eq2_npt_cleaved_v01.rst7	11635340	60158ec45fdf587eae21a38c0573cbe52a1a3fb264e45c2c119a118f49f82ad3	LOCAL_ONLY_CANDIDATE_HASH_VERIFIED
cleaved	01_预平衡	local	work/cprime_local_restructure_candidate_20260820/03_SMD运行/cleaved/01_预平衡/本地输出/eq3_npt_cleaved_v01.mdout	177396	52c0fb7d0f7eef71c46982c04f1548f28a3e4a19eeacecae98580191d18be117	LOCAL_ONLY_CANDIDATE_HASH_VERIFIED
cleaved	01_预平衡	local	work/cprime_local_restructure_candidate_20260820/03_SMD运行/cleaved/01_预平衡/本地输出/eq3_npt_cleaved_v01.nc	58173764	688fdac7319b0c156c9b22284baf7e7d242c50fe0208ce5a02143dddcc07f769	LOCAL_ONLY_CANDIDATE_HASH_VERIFIED
cleaved	01_预平衡	local	work/cprime_local_restructure_candidate_20260820/03_SMD运行/cleaved/01_预平衡/本地输出/eq3_npt_cleaved_v01.rst7	11635340	76b4b92b354bea15d7de06a5e064915a2eadcf34677cfbf7ead67fef6752987d	LOCAL_ONLY_CANDIDATE_HASH_VERIFIED
cleaved	01_预平衡	local	work/cprime_local_restructure_candidate_20260820/03_SMD运行/cleaved/01_预平衡/本地输出/eq4_npt_cleaved_v01.mdout	314177	88492ffe365319cfd5b6269858239a021d1a054b618c70fbda6f06168e904760	LOCAL_ONLY_CANDIDATE_HASH_VERIFIED
cleaved	01_预平衡	local	work/cprime_local_restructure_candidate_20260820/03_SMD运行/cleaved/01_预平衡/本地输出/eq4_npt_cleaved_v01.nc	145433204	a21f49b132139ca62aa67f12306f1787442be25b684655b629181ae5a4f63498	LOCAL_ONLY_CANDIDATE_HASH_VERIFIED
cleaved	01_预平衡	local	work/cprime_local_restructure_candidate_20260820/03_SMD运行/cleaved/01_预平衡/本地输出/eq4_npt_cleaved_v01.rst7	11635340	ef243561715f7b212a73066be31c7c80ef90418b2bc862957f8112656fa5f9a7	LOCAL_ONLY_CANDIDATE_HASH_VERIFIED
cleaved	02_SMD测试	local	work/cprime_local_restructure_candidate_20260820/03_SMD运行/cleaved/02_SMD测试/本地输出/smd_chunk00_cleaved_v01.mdout	483922	0381b92e3661cbf0464f3532135e5600608a5ab3b18796774097cfcd381ce10b	LOCAL_ONLY_CANDIDATE_HASH_VERIFIED
cleaved	02_SMD测试	local	work/cprime_local_restructure_candidate_20260820/03_SMD运行/cleaved/02_SMD测试/本地输出/smd_chunk00_cleaved_v01.nc	145433204	5be6923b04e0954ec70809c9227933949d0697b6b5ea656ba54a16765756dd4a	LOCAL_ONLY_CANDIDATE_HASH_VERIFIED
cleaved	02_SMD测试	local	work/cprime_local_restructure_candidate_20260820/03_SMD运行/cleaved/02_SMD测试/本地输出/smd_chunk00_cleaved_v01.out	5700	b7d9cf2d73fc26923f579a91b51e59b6b0f4bbcb1957c5963683acbf2de40a27	LOCAL_ONLY_CANDIDATE_HASH_VERIFIED
cleaved	02_SMD测试	local	work/cprime_local_restructure_candidate_20260820/03_SMD运行/cleaved/02_SMD测试/本地输出/smd_chunk00_cleaved_v01.rst7	11635340	dcf011c2cc9ec4b052b153f109a2e7d2a7821f55694d42e74128911dd28e59d9	LOCAL_ONLY_CANDIDATE_HASH_VERIFIED
cleaved	02_SMD测试	local	work/cprime_local_restructure_candidate_20260820/03_SMD运行/cleaved/02_SMD测试/本地输出/smd_chunk01_cleaved_v01.mdout	483828	251eeb032de8be18fe231a10a63d81f567bfc0c5455f1527a45fcfe2989b4d90	LOCAL_ONLY_CANDIDATE_HASH_VERIFIED
cleaved	02_SMD测试	local	work/cprime_local_restructure_candidate_20260820/03_SMD运行/cleaved/02_SMD测试/本地输出/smd_chunk01_cleaved_v01.nc	145433204	864d7ca1fa743f913efd86ce5e2baf0c0dc0a10116b6c185e9006e9e0c9b3941	LOCAL_ONLY_CANDIDATE_HASH_VERIFIED
cleaved	02_SMD测试	local	work/cprime_local_restructure_candidate_20260820/03_SMD运行/cleaved/02_SMD测试/本地输出/smd_chunk01_cleaved_v01.out	5700	e440489a16db3a4c8b8607ead3d8cd2070992d71b8110c18a009c5be0faf7f5d	LOCAL_ONLY_CANDIDATE_HASH_VERIFIED
cleaved	02_SMD测试	local	work/cprime_local_restructure_candidate_20260820/03_SMD运行/cleaved/02_SMD测试/本地输出/smd_chunk01_cleaved_v01.rst7	11635340	9574d6c9656223cbeb964e2118b285094255d413950b398dbb1873bfd7461fa2	LOCAL_ONLY_CANDIDATE_HASH_VERIFIED
cleaved	02_SMD测试	local	work/cprime_local_restructure_candidate_20260820/03_SMD运行/cleaved/02_SMD测试/本地输出/smd_chunk02_cleaved_v01.mdout	483794	f3d3f3b516d536b2beda8fa616f108f811c4c818a62a077a5aa47d3ecba3b8b4	LOCAL_ONLY_CANDIDATE_HASH_VERIFIED
cleaved	02_SMD测试	local	work/cprime_local_restructure_candidate_20260820/03_SMD运行/cleaved/02_SMD测试/本地输出/smd_chunk02_cleaved_v01.nc	145433204	7b1c3f11074e9cb03438a744a9a545d7e45add0ef7e91f4c52fde563a804e1ae	LOCAL_ONLY_CANDIDATE_HASH_VERIFIED
cleaved	02_SMD测试	local	work/cprime_local_restructure_candidate_20260820/03_SMD运行/cleaved/02_SMD测试/本地输出/smd_chunk02_cleaved_v01.out	5700	f0120b4ee13b0c8774f1c8d7bae25f2df8a219c58ecdab461b72c9370fd27b73	LOCAL_ONLY_CANDIDATE_HASH_VERIFIED
cleaved	02_SMD测试	local	work/cprime_local_restructure_candidate_20260820/03_SMD运行/cleaved/02_SMD测试/本地输出/smd_chunk02_cleaved_v01.rst7	11635340	2a4ce814b77baabe7873961902008e08532ae6145ed96dceda4e194ae219779d	LOCAL_ONLY_CANDIDATE_HASH_VERIFIED
cleaved	02_SMD测试	local	work/cprime_local_restructure_candidate_20260820/03_SMD运行/cleaved/02_SMD测试/本地输出/smd_chunk03_cleaved_v01.mdout	483828	d12fdeb76dfb9c888be537de0e4aef0027dbc9eaa26a193bc8db6cc740806de2	LOCAL_ONLY_CANDIDATE_HASH_VERIFIED
cleaved	02_SMD测试	local	work/cprime_local_restructure_candidate_20260820/03_SMD运行/cleaved/02_SMD测试/本地输出/smd_chunk03_cleaved_v01.nc	145433204	36248606aba999ba4edaacaad297cf394872da50ae6ba0b527419078b9cec7e7	LOCAL_ONLY_CANDIDATE_HASH_VERIFIED
cleaved	02_SMD测试	local	work/cprime_local_restructure_candidate_20260820/03_SMD运行/cleaved/02_SMD测试/本地输出/smd_chunk03_cleaved_v01.out	5700	07ef2e4b0f9457c381dc75ca7c3d414c7c8412979bcefd132ffef74cbaf6a6f9	LOCAL_ONLY_CANDIDATE_HASH_VERIFIED
cleaved	02_SMD测试	local	work/cprime_local_restructure_candidate_20260820/03_SMD运行/cleaved/02_SMD测试/本地输出/smd_chunk03_cleaved_v01.rst7	11635340	53c1976fc8477a3c9a4c23cf8640a8b8b9956fd214f4857512d3f638adf9eb65	LOCAL_ONLY_CANDIDATE_HASH_VERIFIED
cleaved	02_SMD测试	local	work/cprime_local_restructure_candidate_20260820/03_SMD运行/cleaved/02_SMD测试/本地输出/smd_chunk04_cleaved_v01.mdout	483841	9129b34f4700c30cbbd52f8cd40ed8ab3246343a91cecd658583305a5bd14185	LOCAL_ONLY_CANDIDATE_HASH_VERIFIED
cleaved	02_SMD测试	local	work/cprime_local_restructure_candidate_20260820/03_SMD运行/cleaved/02_SMD测试/本地输出/smd_chunk04_cleaved_v01.nc	145433204	81862e00709ed49260738cc68cc263713c94db691379b5a93def33b1e10928d4	LOCAL_ONLY_CANDIDATE_HASH_VERIFIED
cleaved	02_SMD测试	local	work/cprime_local_restructure_candidate_20260820/03_SMD运行/cleaved/02_SMD测试/本地输出/smd_chunk04_cleaved_v01.out	5700	5493b2e542dc14e27b29100a2571315d2cc80dcbf1b16d610291b317a23f9d92	LOCAL_ONLY_CANDIDATE_HASH_VERIFIED
cleaved	02_SMD测试	local	work/cprime_local_restructure_candidate_20260820/03_SMD运行/cleaved/02_SMD测试/本地输出/smd_chunk04_cleaved_v01.rst7	11635340	cd31f8250ac1806504269a50caaf992c69b305b684cbed32ea1eedcf4806ca0c	LOCAL_ONLY_CANDIDATE_HASH_VERIFIED
cleaved	02_SMD测试	local	work/cprime_local_restructure_candidate_20260820/03_SMD运行/cleaved/02_SMD测试/本地输出/smd_chunk05_cleaved_v01.mdout	134527	506cbe878c67042b53690fc3a7501e0071a372526bce7c8f82c8c7b591dbaa50	LOCAL_ONLY_CANDIDATE_HASH_VERIFIED
cleaved	02_SMD测试	local	work/cprime_local_restructure_candidate_20260820/03_SMD运行/cleaved/02_SMD测试/本地输出/smd_chunk05_cleaved_v01.nc	34904580	8e323e07444358252c7eb0ab3fd304fe6fc3aa3a9b27f20c7679d3da4f7f2ef9	LOCAL_ONLY_CANDIDATE_HASH_VERIFIED
cleaved	02_SMD测试	local	work/cprime_local_restructure_candidate_20260820/03_SMD运行/cleaved/02_SMD测试/本地输出/smd_chunk05_cleaved_v01.out	1368	f6422353c198070e4a41e42b9c378a2913d2f9dd06b9cb537d5853d881e3247b	LOCAL_ONLY_CANDIDATE_HASH_VERIFIED
cleaved	02_SMD测试	local	work/cprime_local_restructure_candidate_20260820/03_SMD运行/cleaved/02_SMD测试/本地输出/smd_chunk05_cleaved_v01.rst7	11635340	66ee94d364f525bd47c17b5518e56c271fa9ad9a92d1c3fc67d37a89d64be0df	LOCAL_ONLY_CANDIDATE_HASH_VERIFIED
cleaved	02_SMD测试	local	work/cprime_local_restructure_candidate_20260820/03_SMD运行/cleaved/02_SMD测试/本地输出/smd_pull_cleaved_v01.mdout	8092	4b48e190cf35250898fafb58717b7f27ecf5834c20a86acabed2d0734f8b01bb	LOCAL_ONLY_CANDIDATE_HASH_VERIFIED
cleaved	02_SMD测试	local	work/cprime_local_restructure_candidate_20260820/03_SMD运行/cleaved/02_SMD测试/本地输出/smd_run_cleaved_v01.log	1746	fac8bf887cbee7c3009e3718703688d0eaec5947ccb738a0a922af45874cb8d4	LOCAL_ONLY_CANDIDATE_HASH_VERIFIED
cleaved	02_SMD测试	local	work/cprime_local_restructure_candidate_20260820/03_SMD运行/cleaved/02_SMD测试/本地输出/smd_test_cleaved_v01.out	29868	febf2743f879bfea9acfcc004f7e7ed428903e871902b3c7f35f3d866f045e9f	LOCAL_ONLY_CANDIDATE_HASH_VERIFIED
cleaved	03_SMD正式生产	local	work/cprime_local_restructure_candidate_20260820/03_SMD运行/cleaved/03_SMD正式生产/本地输出/manifest_cleaved_v01.tsv	48615	cfe7fb0d245a6662a67c08dbe716050d1737e5dea20cfc4faf853ed5f70cb6ef	LOCAL_ONLY_CANDIDATE_HASH_VERIFIED
cleaved	03_SMD正式生产	local	work/cprime_local_restructure_candidate_20260820/03_SMD运行/cleaved/03_SMD正式生产/本地输出/mdinfo_cleaved_v01.txt	1476	8dbe4eaab8bfbf95732950288b78abf3ffecc84b25b9364fc2bb9fc9824eaf25	LOCAL_ONLY_CANDIDATE_HASH_VERIFIED
cleaved	03_SMD正式生产	local	work/cprime_local_restructure_candidate_20260820/03_SMD运行/cleaved/03_SMD正式生产/本地输出/smd_chunk00_cleaved_v01.mdout	483922	fe5800ae0d8a0cef4002ad969d04bea8e5ddcff1ce93ad3ca4c3a9d9a03bcb0d	LOCAL_ONLY_CANDIDATE_HASH_VERIFIED
cleaved	03_SMD正式生产	local	work/cprime_local_restructure_candidate_20260820/03_SMD运行/cleaved/03_SMD正式生产/本地输出/smd_chunk00_cleaved_v01.nc	145433204	33b064a812f2df6b6ee6c59694531a0680df9a32a095f1ebf92954c5d47ff8a5	LOCAL_ONLY_CANDIDATE_HASH_VERIFIED
cleaved	03_SMD正式生产	local	work/cprime_local_restructure_candidate_20260820/03_SMD运行/cleaved/03_SMD正式生产/本地输出/smd_chunk00_cleaved_v01.out	5700	723c3ceeefeb0c70627a4414490619f50d67bc1f9166d620444eb745568f0e34	LOCAL_ONLY_CANDIDATE_HASH_VERIFIED
cleaved	03_SMD正式生产	local	work/cprime_local_restructure_candidate_20260820/03_SMD运行/cleaved/03_SMD正式生产/本地输出/smd_chunk00_cleaved_v01.rst7	11635340	5697e499fa3cf62dc89381e1a15344b303de336bf3c6418227c3859c296b6d6f	LOCAL_ONLY_CANDIDATE_HASH_VERIFIED
cleaved	03_SMD正式生产	local	work/cprime_local_restructure_candidate_20260820/03_SMD运行/cleaved/03_SMD正式生产/本地输出/smd_chunk01_cleaved_v01.mdout	483841	81d06cbaf05e4bf7bf27d2af9040978bb346d08647579c651e22266a8ef23fb6	LOCAL_ONLY_CANDIDATE_HASH_VERIFIED
cleaved	03_SMD正式生产	local	work/cprime_local_restructure_candidate_20260820/03_SMD运行/cleaved/03_SMD正式生产/本地输出/smd_chunk01_cleaved_v01.nc	145433204	23c07c87710c1b68df46f273ab7e8584c0135f34bb11b8386511046f94550d09	LOCAL_ONLY_CANDIDATE_HASH_VERIFIED
cleaved	03_SMD正式生产	local	work/cprime_local_restructure_candidate_20260820/03_SMD运行/cleaved/03_SMD正式生产/本地输出/smd_chunk01_cleaved_v01.out	5700	0ca5dc33038c13cd930584eee04b350ff34467bb8472812f9a001d8cf3089ea6	LOCAL_ONLY_CANDIDATE_HASH_VERIFIED
cleaved	03_SMD正式生产	local	work/cprime_local_restructure_candidate_20260820/03_SMD运行/cleaved/03_SMD正式生产/本地输出/smd_chunk01_cleaved_v01.rst7	11635340	6a283a2da6864495c5b581fe4ebfba064e5311f14858ed3d04b47b0a89b1739e	LOCAL_ONLY_CANDIDATE_HASH_VERIFIED
cleaved	03_SMD正式生产	local	work/cprime_local_restructure_candidate_20260820/03_SMD运行/cleaved/03_SMD正式生产/本地输出/smd_chunk02_cleaved_v01.mdout	483747	78b21438efdc9d2209a95a110506a997ab3443c59fefe97c440db850ed005a8a	LOCAL_ONLY_CANDIDATE_HASH_VERIFIED
cleaved	03_SMD正式生产	local	work/cprime_local_restructure_candidate_20260820/03_SMD运行/cleaved/03_SMD正式生产/本地输出/smd_chunk02_cleaved_v01.nc	145433204	bb31bec3d0a4a608be810fc3774894799c989b3f8c4bf9c233847ca7ed0fd764	LOCAL_ONLY_CANDIDATE_HASH_VERIFIED
cleaved	03_SMD正式生产	local	work/cprime_local_restructure_candidate_20260820/03_SMD运行/cleaved/03_SMD正式生产/本地输出/smd_chunk02_cleaved_v01.out	5700	f1e71d2744ce798de1298f4a129b6341dee9a83f26e6c061e9e013b7f7907691	LOCAL_ONLY_CANDIDATE_HASH_VERIFIED
cleaved	03_SMD正式生产	local	work/cprime_local_restructure_candidate_20260820/03_SMD运行/cleaved/03_SMD正式生产/本地输出/smd_chunk02_cleaved_v01.rst7	11635340	96d48df7b2b31c2c15db7e13c56c15120b46c14b6c5e6a65f1259cc31f33a43f	LOCAL_ONLY_CANDIDATE_HASH_VERIFIED
cleaved	03_SMD正式生产	local	work/cprime_local_restructure_candidate_20260820/03_SMD运行/cleaved/03_SMD正式生产/本地输出/smd_chunk03_cleaved_v01.mdout	483781	fc3a815b8ce040a2b91df74ad3e2bf78b8bdd8f8ef226468f95850cc4c0aea6a	LOCAL_ONLY_CANDIDATE_HASH_VERIFIED
cleaved	03_SMD正式生产	local	work/cprime_local_restructure_candidate_20260820/03_SMD运行/cleaved/03_SMD正式生产/本地输出/smd_chunk03_cleaved_v01.nc	145433204	a95f200f65c648e83424b2266244953d0a69d32e0ccde6380033f1f98d1534d6	LOCAL_ONLY_CANDIDATE_HASH_VERIFIED
cleaved	03_SMD正式生产	local	work/cprime_local_restructure_candidate_20260820/03_SMD运行/cleaved/03_SMD正式生产/本地输出/smd_chunk03_cleaved_v01.out	5700	e7660d97f7f62cd0f73c9ca79c6456f571d46007deb4ccf1e542cd3be412fa15	LOCAL_ONLY_CANDIDATE_HASH_VERIFIED
cleaved	03_SMD正式生产	local	work/cprime_local_restructure_candidate_20260820/03_SMD运行/cleaved/03_SMD正式生产/本地输出/smd_chunk03_cleaved_v01.rst7	11635340	b0896c3118263be69f1ee94ec967bfba8e0d20517fa42b1f08a653c6a88d7d1b	LOCAL_ONLY_CANDIDATE_HASH_VERIFIED
cleaved	03_SMD正式生产	local	work/cprime_local_restructure_candidate_20260820/03_SMD运行/cleaved/03_SMD正式生产/本地输出/smd_chunk04_cleaved_v01.mdout	483828	5bfed77939beadf94afb431d3c36894b5d90a6717d0832d3ef22229dfb2597d9	LOCAL_ONLY_CANDIDATE_HASH_VERIFIED
cleaved	03_SMD正式生产	local	work/cprime_local_restructure_candidate_20260820/03_SMD运行/cleaved/03_SMD正式生产/本地输出/smd_chunk04_cleaved_v01.nc	145433204	2dedadfbc9b5508dadd559a61a77bff214c267552e43d6799d7700356adf52f7	LOCAL_ONLY_CANDIDATE_HASH_VERIFIED
cleaved	03_SMD正式生产	local	work/cprime_local_restructure_candidate_20260820/03_SMD运行/cleaved/03_SMD正式生产/本地输出/smd_chunk04_cleaved_v01.out	5700	7ffe2f680438aa9c38b6fb050ceffc80b9f66dfd66aeb7205ba3bf3562bef514	LOCAL_ONLY_CANDIDATE_HASH_VERIFIED
cleaved	03_SMD正式生产	local	work/cprime_local_restructure_candidate_20260820/03_SMD运行/cleaved/03_SMD正式生产/本地输出/smd_chunk04_cleaved_v01.rst7	11635340	c96a0f74681b9dce41e2b392fcfc6a5dc1940d65c6f1c7a5210ddeca1b14a1da	LOCAL_ONLY_CANDIDATE_HASH_VERIFIED
cleaved	03_SMD正式生产	local	work/cprime_local_restructure_candidate_20260820/03_SMD运行/cleaved/03_SMD正式生产/本地输出/smd_chunk05_cleaved_v01.mdout	483700	d0d4be432b1653525dd4c3a5ad198b2fcae6b81e6c98fb2705c2ed0ed4028df0	LOCAL_ONLY_CANDIDATE_HASH_VERIFIED
cleaved	03_SMD正式生产	local	work/cprime_local_restructure_candidate_20260820/03_SMD运行/cleaved/03_SMD正式生产/本地输出/smd_chunk05_cleaved_v01.nc	145433204	e817852a95c3acba7a42c80081761a9fd72a80737e8764817ca75f77af340550	LOCAL_ONLY_CANDIDATE_HASH_VERIFIED
cleaved	03_SMD正式生产	local	work/cprime_local_restructure_candidate_20260820/03_SMD运行/cleaved/03_SMD正式生产/本地输出/smd_chunk05_cleaved_v01.out	5700	1e01d38c9df5eb38239c41b3c2f941dcfd10e8e75a0f5dc3424b9a76572807f0	LOCAL_ONLY_CANDIDATE_HASH_VERIFIED
cleaved	03_SMD正式生产	local	work/cprime_local_restructure_candidate_20260820/03_SMD运行/cleaved/03_SMD正式生产/本地输出/smd_chunk05_cleaved_v01.rst7	11635340	402d86dd637740e9e2ae1b9d0eb06c1ff1ef6e172ea9648d7f272b9e5ec5f246	LOCAL_ONLY_CANDIDATE_HASH_VERIFIED
cleaved	03_SMD正式生产	local	work/cprime_local_restructure_candidate_20260820/03_SMD运行/cleaved/03_SMD正式生产/本地输出/smd_chunk06_cleaved_v01.mdout	483781	94f0f1b4588f7644026c12a56b22ad3a86bccdaeeb85f292f659b1df144fc997	LOCAL_ONLY_CANDIDATE_HASH_VERIFIED
cleaved	03_SMD正式生产	local	work/cprime_local_restructure_candidate_20260820/03_SMD运行/cleaved/03_SMD正式生产/本地输出/smd_chunk06_cleaved_v01.nc	145433204	909f6106ecb67adbf09fc90e3e93636b32e029ec8a0e498bf277d183d1f34fcf	LOCAL_ONLY_CANDIDATE_HASH_VERIFIED
cleaved	03_SMD正式生产	local	work/cprime_local_restructure_candidate_20260820/03_SMD运行/cleaved/03_SMD正式生产/本地输出/smd_chunk06_cleaved_v01.out	5700	a562bbe4293b14e51ea5007c2e8bcf852e7d438a2e9bb2125434eb615c44113c	LOCAL_ONLY_CANDIDATE_HASH_VERIFIED
cleaved	03_SMD正式生产	local	work/cprime_local_restructure_candidate_20260820/03_SMD运行/cleaved/03_SMD正式生产/本地输出/smd_chunk06_cleaved_v01.rst7	11635340	bab531715c8735cd633f084c8ac744e95cce255817bb3f71bc5a92bfe22448f3	LOCAL_ONLY_CANDIDATE_HASH_VERIFIED
cleaved	03_SMD正式生产	local	work/cprime_local_restructure_candidate_20260820/03_SMD运行/cleaved/03_SMD正式生产/本地输出/smd_chunk07_cleaved_v01.mdout	483841	7ae3a62f663c1e746226d906901f5b5fe25b2dc0c937b8482e756902f02e6469	LOCAL_ONLY_CANDIDATE_HASH_VERIFIED
cleaved	03_SMD正式生产	local	work/cprime_local_restructure_candidate_20260820/03_SMD运行/cleaved/03_SMD正式生产/本地输出/smd_chunk07_cleaved_v01.nc	145433204	b6cec59197990d30b42ed163fd7472461b3d67b3f99dbb2c31799d0a82580005	LOCAL_ONLY_CANDIDATE_HASH_VERIFIED
cleaved	03_SMD正式生产	local	work/cprime_local_restructure_candidate_20260820/03_SMD运行/cleaved/03_SMD正式生产/本地输出/smd_chunk07_cleaved_v01.out	5700	1594c64c52d7e48629b682c7e515043cd6cf5c04a06e95a145d5b723f4d1e845	LOCAL_ONLY_CANDIDATE_HASH_VERIFIED
cleaved	03_SMD正式生产	local	work/cprime_local_restructure_candidate_20260820/03_SMD运行/cleaved/03_SMD正式生产/本地输出/smd_chunk07_cleaved_v01.rst7	11635340	97dabc649cae0ea88b6c375a7284ec5347a1ee0b04d3327aed9386d71e2d7eb3	LOCAL_ONLY_CANDIDATE_HASH_VERIFIED
cleaved	03_SMD正式生产	local	work/cprime_local_restructure_candidate_20260820/03_SMD运行/cleaved/03_SMD正式生产/本地输出/smd_chunk08_cleaved_v01.mdout	483875	5aa1e55c78ca07bddaa5a4ed1e52b608dbbcfd48898e805cfddbcc971b675506	LOCAL_ONLY_CANDIDATE_HASH_VERIFIED
cleaved	03_SMD正式生产	local	work/cprime_local_restructure_candidate_20260820/03_SMD运行/cleaved/03_SMD正式生产/本地输出/smd_chunk08_cleaved_v01.nc	145433204	3adca6d7679c9760099370f1e3b52599de3b0ed943427353f68df3eade6ae099	LOCAL_ONLY_CANDIDATE_HASH_VERIFIED
cleaved	03_SMD正式生产	local	work/cprime_local_restructure_candidate_20260820/03_SMD运行/cleaved/03_SMD正式生产/本地输出/smd_chunk08_cleaved_v01.out	5700	29615e0f8c52b228a2f03057dc7d44746d152ea83340c582da6a02d78cbf05da	LOCAL_ONLY_CANDIDATE_HASH_VERIFIED
cleaved	03_SMD正式生产	local	work/cprime_local_restructure_candidate_20260820/03_SMD运行/cleaved/03_SMD正式生产/本地输出/smd_chunk08_cleaved_v01.rst7	11635340	49d839012ccd42ad5dbe1d3067a0bfc39e45d374d58a0501549e0d4b2fb2d512	LOCAL_ONLY_CANDIDATE_HASH_VERIFIED
cleaved	03_SMD正式生产	local	work/cprime_local_restructure_candidate_20260820/03_SMD运行/cleaved/03_SMD正式生产/本地输出/smd_chunk09_cleaved_v01.mdout	483875	1419ccee793dd08e48f0d55daeb0db094d40f870442d61d42c9164a5c76b6ca2	LOCAL_ONLY_CANDIDATE_HASH_VERIFIED
cleaved	03_SMD正式生产	local	work/cprime_local_restructure_candidate_20260820/03_SMD运行/cleaved/03_SMD正式生产/本地输出/smd_chunk09_cleaved_v01.nc	145433204	41e52c91f72e9acd7f47c8e7a283dab536798ce5e99e349edeac4b6bb35a2cd6	LOCAL_ONLY_CANDIDATE_HASH_VERIFIED
cleaved	03_SMD正式生产	local	work/cprime_local_restructure_candidate_20260820/03_SMD运行/cleaved/03_SMD正式生产/本地输出/smd_chunk09_cleaved_v01.out	5700	5fa65045723dde9bc333767af726cce8d42aac20d81178d4ebb701214ff601da	LOCAL_ONLY_CANDIDATE_HASH_VERIFIED
cleaved	03_SMD正式生产	local	work/cprime_local_restructure_candidate_20260820/03_SMD运行/cleaved/03_SMD正式生产/本地输出/smd_chunk09_cleaved_v01.rst7	11635340	900d64044260c3e4e3b38091e9e3ce18e53cbe354139fc446723589ead31bd94	LOCAL_ONLY_CANDIDATE_HASH_VERIFIED
cleaved	03_SMD正式生产	local	work/cprime_local_restructure_candidate_20260820/03_SMD运行/cleaved/03_SMD正式生产/本地输出/smd_chunk10_cleaved_v01.mdout	483875	9e042fe9583577f0b1b53ee1f13cafd7392d5abd3b22c384462e78f7280d73cd	LOCAL_ONLY_CANDIDATE_HASH_VERIFIED
cleaved	03_SMD正式生产	local	work/cprime_local_restructure_candidate_20260820/03_SMD运行/cleaved/03_SMD正式生产/本地输出/smd_chunk10_cleaved_v01.nc	145433204	1db073220e307c397bb6a32f458c9eb239c0a95add371c5e208a11802889f21e	LOCAL_ONLY_CANDIDATE_HASH_VERIFIED
cleaved	03_SMD正式生产	local	work/cprime_local_restructure_candidate_20260820/03_SMD运行/cleaved/03_SMD正式生产/本地输出/smd_chunk10_cleaved_v01.out	5700	7cad84218ce378a88add46672e127744bf1de71b4fd92f7fde0e326dd223039d	LOCAL_ONLY_CANDIDATE_HASH_VERIFIED
cleaved	03_SMD正式生产	local	work/cprime_local_restructure_candidate_20260820/03_SMD运行/cleaved/03_SMD正式生产/本地输出/smd_chunk10_cleaved_v01.rst7	11635340	28eb8f97a433b94bb8b1fdd565c43dca4aa456c628024d3ecc8e8c95fb267416	LOCAL_ONLY_CANDIDATE_HASH_VERIFIED
cleaved	03_SMD正式生产	local	work/cprime_local_restructure_candidate_20260820/03_SMD运行/cleaved/03_SMD正式生产/本地输出/smd_chunk11_cleaved_v01.mdout	483922	e1a341351149f1c17c5fe2344b6be4bc31c11fbba3ebf4e0a086d3c3c76ef017	LOCAL_ONLY_CANDIDATE_HASH_VERIFIED
cleaved	03_SMD正式生产	local	work/cprime_local_restructure_candidate_20260820/03_SMD运行/cleaved/03_SMD正式生产/本地输出/smd_chunk11_cleaved_v01.nc	145433204	dfe31cdd19421e7a8f2d0cd49d0408714a648ee76e6cf83fa22958d72a17ff06	LOCAL_ONLY_CANDIDATE_HASH_VERIFIED
cleaved	03_SMD正式生产	local	work/cprime_local_restructure_candidate_20260820/03_SMD运行/cleaved/03_SMD正式生产/本地输出/smd_chunk11_cleaved_v01.out	5700	5b4817b74ba4b9915ebb5f536233b3356a95ba4b670a70925dbb4a7134963623	LOCAL_ONLY_CANDIDATE_HASH_VERIFIED
cleaved	03_SMD正式生产	local	work/cprime_local_restructure_candidate_20260820/03_SMD运行/cleaved/03_SMD正式生产/本地输出/smd_chunk11_cleaved_v01.rst7	11635340	4b17062019dd262b354d0c20a27b1bab5c4719ec027975435c0969db170db209	LOCAL_ONLY_CANDIDATE_HASH_VERIFIED
cleaved	03_SMD正式生产	local	work/cprime_local_restructure_candidate_20260820/03_SMD运行/cleaved/03_SMD正式生产/本地输出/smd_chunk12_cleaved_v01.mdout	484063	8a590d3c2668a78e8f8090917cc94a6823ec188796d4e0237e35325bcb134b22	LOCAL_ONLY_CANDIDATE_HASH_VERIFIED
cleaved	03_SMD正式生产	local	work/cprime_local_restructure_candidate_20260820/03_SMD运行/cleaved/03_SMD正式生产/本地输出/smd_chunk12_cleaved_v01.nc	145433204	5792d94b3e52fbd8e1d1f5e400761fc51f5e9c56ec7ffd993bc450044500520e	LOCAL_ONLY_CANDIDATE_HASH_VERIFIED
cleaved	03_SMD正式生产	local	work/cprime_local_restructure_candidate_20260820/03_SMD运行/cleaved/03_SMD正式生产/本地输出/smd_chunk12_cleaved_v01.out	5700	2427ddd08853924bbe3bbd8dfa785b52b31697720c5c10ce7eb0542805a69384	LOCAL_ONLY_CANDIDATE_HASH_VERIFIED
cleaved	03_SMD正式生产	local	work/cprime_local_restructure_candidate_20260820/03_SMD运行/cleaved/03_SMD正式生产/本地输出/smd_chunk12_cleaved_v01.rst7	11635340	a107babe4015c10e39f8834f5f02840a203bafa728c7fc1c512076941c68a7d5	LOCAL_ONLY_CANDIDATE_HASH_VERIFIED
cleaved	03_SMD正式生产	local	work/cprime_local_restructure_candidate_20260820/03_SMD运行/cleaved/03_SMD正式生产/本地输出/smd_chunk13_cleaved_v01.mdout	483888	777c0089784c96793c800c557dc1c9097a9ae8e737942c6621e1b19c20b00301	LOCAL_ONLY_CANDIDATE_HASH_VERIFIED
cleaved	03_SMD正式生产	local	work/cprime_local_restructure_candidate_20260820/03_SMD运行/cleaved/03_SMD正式生产/本地输出/smd_chunk13_cleaved_v01.nc	145433204	059a6b5850f67ec85719794a2df3295171c965b931f5e80d7c36a578f678d8b3	LOCAL_ONLY_CANDIDATE_HASH_VERIFIED
cleaved	03_SMD正式生产	local	work/cprime_local_restructure_candidate_20260820/03_SMD运行/cleaved/03_SMD正式生产/本地输出/smd_chunk13_cleaved_v01.out	5700	7b05beb535f93ded27d84283f666180b206b816a7983ac732c55c6f2f550f203	LOCAL_ONLY_CANDIDATE_HASH_VERIFIED
cleaved	03_SMD正式生产	local	work/cprime_local_restructure_candidate_20260820/03_SMD运行/cleaved/03_SMD正式生产/本地输出/smd_chunk13_cleaved_v01.rst7	11635340	909f9ed84aa8faf7edbf801d8456657f96626bbcbf2df8c7c1d824a7685a499b	LOCAL_ONLY_CANDIDATE_HASH_VERIFIED
cleaved	03_SMD正式生产	local	work/cprime_local_restructure_candidate_20260820/03_SMD运行/cleaved/03_SMD正式生产/本地输出/smd_chunk14_cleaved_v01.mdout	483875	023b68a6b302f40e8ec50f79756a0065a83422dcf3adf4f068cf839b4c27e732	LOCAL_ONLY_CANDIDATE_HASH_VERIFIED
cleaved	03_SMD正式生产	local	work/cprime_local_restructure_candidate_20260820/03_SMD运行/cleaved/03_SMD正式生产/本地输出/smd_chunk14_cleaved_v01.nc	145433204	a4242ee1e51c8abae125c1b93eb0469602cdc81cb2f972f4d721b5394c495388	LOCAL_ONLY_CANDIDATE_HASH_VERIFIED
cleaved	03_SMD正式生产	local	work/cprime_local_restructure_candidate_20260820/03_SMD运行/cleaved/03_SMD正式生产/本地输出/smd_chunk14_cleaved_v01.out	5700	8c0c58b21454eb1c8598185923570153366e9117ca3d04e5ef74927b8ba2e4d4	LOCAL_ONLY_CANDIDATE_HASH_VERIFIED
cleaved	03_SMD正式生产	local	work/cprime_local_restructure_candidate_20260820/03_SMD运行/cleaved/03_SMD正式生产/本地输出/smd_chunk14_cleaved_v01.rst7	11635340	d909a32df43a99609bee4163a63b368a8662a7ba3f78a5c65552f70b0b9ab49e	LOCAL_ONLY_CANDIDATE_HASH_VERIFIED
cleaved	03_SMD正式生产	local	work/cprime_local_restructure_candidate_20260820/03_SMD运行/cleaved/03_SMD正式生产/本地输出/smd_chunk15_cleaved_v01.mdout	483841	c64b9abdb3f35cc4163e7f09d84b464e47663bbbefe5fcc246212a08984f0551	LOCAL_ONLY_CANDIDATE_HASH_VERIFIED
cleaved	03_SMD正式生产	local	work/cprime_local_restructure_candidate_20260820/03_SMD运行/cleaved/03_SMD正式生产/本地输出/smd_chunk15_cleaved_v01.nc	145433204	9fd3b634366e1d9811f7b69cc1eea3e64e0ba1d85ae6465c6e43950ab4b584f6	LOCAL_ONLY_CANDIDATE_HASH_VERIFIED
cleaved	03_SMD正式生产	local	work/cprime_local_restructure_candidate_20260820/03_SMD运行/cleaved/03_SMD正式生产/本地输出/smd_chunk15_cleaved_v01.out	5700	32e848ac70ff8cab118a7a8d43bcfc58e277bd01881869f9e8e310af4331383e	LOCAL_ONLY_CANDIDATE_HASH_VERIFIED
cleaved	03_SMD正式生产	local	work/cprime_local_restructure_candidate_20260820/03_SMD运行/cleaved/03_SMD正式生产/本地输出/smd_chunk15_cleaved_v01.rst7	11635340	03d03ae771b7ff0c0c7e2e926c4f1a15909caf11888855bd6afb745032e2204a	LOCAL_ONLY_CANDIDATE_HASH_VERIFIED
cleaved	03_SMD正式生产	local	work/cprime_local_restructure_candidate_20260820/03_SMD运行/cleaved/03_SMD正式生产/本地输出/smd_chunk16_cleaved_v01.mdout	483794	eafd6af5c74bb1eecd61b54807c0ce5d9dda59da112ec9963f5bd6a89800f1c3	LOCAL_ONLY_CANDIDATE_HASH_VERIFIED
cleaved	03_SMD正式生产	local	work/cprime_local_restructure_candidate_20260820/03_SMD运行/cleaved/03_SMD正式生产/本地输出/smd_chunk16_cleaved_v01.nc	145433204	6ae1d9065150f4097b5a609f33adae904080a2b9827a892a047e6bc1db27552f	LOCAL_ONLY_CANDIDATE_HASH_VERIFIED
cleaved	03_SMD正式生产	local	work/cprime_local_restructure_candidate_20260820/03_SMD运行/cleaved/03_SMD正式生产/本地输出/smd_chunk16_cleaved_v01.out	5700	f86706bcb8acb71d3d0f202f02912ea77266bdddb82fe134d3b22508d43b33a9	LOCAL_ONLY_CANDIDATE_HASH_VERIFIED
cleaved	03_SMD正式生产	local	work/cprime_local_restructure_candidate_20260820/03_SMD运行/cleaved/03_SMD正式生产/本地输出/smd_chunk16_cleaved_v01.rst7	11635340	6b5a9f313873bb03907d582509fc1e6d5ca1ae6db0bed0ca0b1dbb0a04e27d3d	LOCAL_ONLY_CANDIDATE_HASH_VERIFIED
cleaved	03_SMD正式生产	local	work/cprime_local_restructure_candidate_20260820/03_SMD运行/cleaved/03_SMD正式生产/本地输出/smd_chunk17_cleaved_v01.mdout	483875	7983b8ee082d697ea21fdc0032412d468ac4c591e358dc63038f28a758de6661	LOCAL_ONLY_CANDIDATE_HASH_VERIFIED
cleaved	03_SMD正式生产	local	work/cprime_local_restructure_candidate_20260820/03_SMD运行/cleaved/03_SMD正式生产/本地输出/smd_chunk17_cleaved_v01.nc	145433204	d4406c8153e73d1aa2d78215bb6132273dafe4ee16851c644dfcff6ee3964729	LOCAL_ONLY_CANDIDATE_HASH_VERIFIED
cleaved	03_SMD正式生产	local	work/cprime_local_restructure_candidate_20260820/03_SMD运行/cleaved/03_SMD正式生产/本地输出/smd_chunk17_cleaved_v01.out	5700	ccc82676fcd76aec5c439250b97580b3aa88f4c4be64b93b5da61385a487eba9	LOCAL_ONLY_CANDIDATE_HASH_VERIFIED
cleaved	03_SMD正式生产	local	work/cprime_local_restructure_candidate_20260820/03_SMD运行/cleaved/03_SMD正式生产/本地输出/smd_chunk17_cleaved_v01.rst7	11635340	6b50daccad5c469c958358c54d5a977312ed63c4c452eb712e5d041daae5c857	LOCAL_ONLY_CANDIDATE_HASH_VERIFIED
cleaved	03_SMD正式生产	local	work/cprime_local_restructure_candidate_20260820/03_SMD运行/cleaved/03_SMD正式生产/本地输出/smd_chunk18_cleaved_v01.mdout	483794	121e96a1f0af42e65218380728e9b044a6d9807c9a1d06f0091524d9f9e573d4	LOCAL_ONLY_CANDIDATE_HASH_VERIFIED
cleaved	03_SMD正式生产	local	work/cprime_local_restructure_candidate_20260820/03_SMD运行/cleaved/03_SMD正式生产/本地输出/smd_chunk18_cleaved_v01.nc	145433204	651cb72e3885ed0bf2ad3c002f0e897cb711d788eb5fda8b30094a358fe62864	LOCAL_ONLY_CANDIDATE_HASH_VERIFIED
cleaved	03_SMD正式生产	local	work/cprime_local_restructure_candidate_20260820/03_SMD运行/cleaved/03_SMD正式生产/本地输出/smd_chunk18_cleaved_v01.out	5700	757cce8bfd27151f73a1e696723791eecc5faaac0dc5fdfc67d595445fb6c345	LOCAL_ONLY_CANDIDATE_HASH_VERIFIED
cleaved	03_SMD正式生产	local	work/cprime_local_restructure_candidate_20260820/03_SMD运行/cleaved/03_SMD正式生产/本地输出/smd_chunk18_cleaved_v01.rst7	11635340	c5c45652d68ca3706c1b16deaecbbfde36d3d061cef39fdda1be33a92f8b728d	LOCAL_ONLY_CANDIDATE_HASH_VERIFIED
cleaved	03_SMD正式生产	local	work/cprime_local_restructure_candidate_20260820/03_SMD运行/cleaved/03_SMD正式生产/本地输出/smd_chunk19_cleaved_v01.mdout	483828	f9215a82c0846740a1e5415f4450d2c0fa76fd1fe4f78fb27a5c4c5e0bd4f6fd	LOCAL_ONLY_CANDIDATE_HASH_VERIFIED
cleaved	03_SMD正式生产	local	work/cprime_local_restructure_candidate_20260820/03_SMD运行/cleaved/03_SMD正式生产/本地输出/smd_chunk19_cleaved_v01.nc	145433204	24c9328a3e43f5c76e5d2c50e09d934a0352ab4e8acc685c489a2263fb95c00b	LOCAL_ONLY_CANDIDATE_HASH_VERIFIED
cleaved	03_SMD正式生产	local	work/cprime_local_restructure_candidate_20260820/03_SMD运行/cleaved/03_SMD正式生产/本地输出/smd_chunk19_cleaved_v01.out	5700	298435767d6122239f3c8a58dd1ee2fbae866936b949939c547be00f0c6caf52	LOCAL_ONLY_CANDIDATE_HASH_VERIFIED
cleaved	03_SMD正式生产	local	work/cprime_local_restructure_candidate_20260820/03_SMD运行/cleaved/03_SMD正式生产/本地输出/smd_chunk19_cleaved_v01.rst7	11635340	744b323a077ac44575711fd2d11ed44bbf57bdf40905819e893464b9d8beff36	LOCAL_ONLY_CANDIDATE_HASH_VERIFIED
cleaved	03_SMD正式生产	local	work/cprime_local_restructure_candidate_20260820/03_SMD运行/cleaved/03_SMD正式生产/本地输出/smd_chunk20_cleaved_v01.mdout	483828	f4aedb111ceb5ce61add862c90288c95617386b0d20241358a287557b2b4427a	LOCAL_ONLY_CANDIDATE_HASH_VERIFIED
cleaved	03_SMD正式生产	local	work/cprime_local_restructure_candidate_20260820/03_SMD运行/cleaved/03_SMD正式生产/本地输出/smd_chunk20_cleaved_v01.nc	145433204	6bf2d92347c99c4a2c42a2a56ac0da93aedb3983d639194d8e2a5e7b3575b7e0	LOCAL_ONLY_CANDIDATE_HASH_VERIFIED
cleaved	03_SMD正式生产	local	work/cprime_local_restructure_candidate_20260820/03_SMD运行/cleaved/03_SMD正式生产/本地输出/smd_chunk20_cleaved_v01.out	5700	12848998c250f3c7137591a0c1da12111c9fabb6e63d51c30ca69e3e9b0f50cc	LOCAL_ONLY_CANDIDATE_HASH_VERIFIED
cleaved	03_SMD正式生产	local	work/cprime_local_restructure_candidate_20260820/03_SMD运行/cleaved/03_SMD正式生产/本地输出/smd_chunk20_cleaved_v01.rst7	11635340	6a67acd585d9e2a1e5eedfccdaf6937f9ccfb92834c816e2cbb37614aa033b01	LOCAL_ONLY_CANDIDATE_HASH_VERIFIED
cleaved	03_SMD正式生产	local	work/cprime_local_restructure_candidate_20260820/03_SMD运行/cleaved/03_SMD正式生产/本地输出/smd_chunk21_cleaved_v01.mdout	483828	8d7fcabc22a3a380835d231386af87bbf0eff971adc7169fef9f35422bed1a5b	LOCAL_ONLY_CANDIDATE_HASH_VERIFIED
cleaved	03_SMD正式生产	local	work/cprime_local_restructure_candidate_20260820/03_SMD运行/cleaved/03_SMD正式生产/本地输出/smd_chunk21_cleaved_v01.nc	145433204	b1ea92ece2c0f36f94440bfba900cd4a455a70f41104f58bc740ed5a07fedf68	LOCAL_ONLY_CANDIDATE_HASH_VERIFIED
cleaved	03_SMD正式生产	local	work/cprime_local_restructure_candidate_20260820/03_SMD运行/cleaved/03_SMD正式生产/本地输出/smd_chunk21_cleaved_v01.out	5700	b2b8d88c219f93be58b3e693e49709ff8cd4e5aaa33b98b2672acb368251a12e	LOCAL_ONLY_CANDIDATE_HASH_VERIFIED
cleaved	03_SMD正式生产	local	work/cprime_local_restructure_candidate_20260820/03_SMD运行/cleaved/03_SMD正式生产/本地输出/smd_chunk21_cleaved_v01.rst7	11635340	05c8652f7829a8b0bf75414f615cc2e588edbdb43fc994a94a2f50f16f6a549e	LOCAL_ONLY_CANDIDATE_HASH_VERIFIED
cleaved	03_SMD正式生产	local	work/cprime_local_restructure_candidate_20260820/03_SMD运行/cleaved/03_SMD正式生产/本地输出/smd_chunk22_cleaved_v01.mdout	483875	3fc234d46e02fbfa6c907317d0071823bf2895a3818025bfb10f57f6a6601e30	LOCAL_ONLY_CANDIDATE_HASH_VERIFIED
cleaved	03_SMD正式生产	local	work/cprime_local_restructure_candidate_20260820/03_SMD运行/cleaved/03_SMD正式生产/本地输出/smd_chunk22_cleaved_v01.nc	145433204	a8c04ae3f2835c250d621e46ec1b93e499f3eea97b258a7a92caf3141a439c7e	LOCAL_ONLY_CANDIDATE_HASH_VERIFIED
cleaved	03_SMD正式生产	local	work/cprime_local_restructure_candidate_20260820/03_SMD运行/cleaved/03_SMD正式生产/本地输出/smd_chunk22_cleaved_v01.out	5700	058ce98c544a2534686e74e6cdc2915840cf9b98e73dfb3bcbc744076ca1af8c	LOCAL_ONLY_CANDIDATE_HASH_VERIFIED
cleaved	03_SMD正式生产	local	work/cprime_local_restructure_candidate_20260820/03_SMD运行/cleaved/03_SMD正式生产/本地输出/smd_chunk22_cleaved_v01.rst7	11635340	56ca595d81ce1233a2636cf5e9ed6070044ee3d7457a13aee6d11d2041065bda	LOCAL_ONLY_CANDIDATE_HASH_VERIFIED
cleaved	03_SMD正式生产	local	work/cprime_local_restructure_candidate_20260820/03_SMD运行/cleaved/03_SMD正式生产/本地输出/smd_chunk23_cleaved_v01.mdout	483794	454f566507194a2975975812d44a9a79e6474ec371ce10c9b80f0ce22e699775	LOCAL_ONLY_CANDIDATE_HASH_VERIFIED
cleaved	03_SMD正式生产	local	work/cprime_local_restructure_candidate_20260820/03_SMD运行/cleaved/03_SMD正式生产/本地输出/smd_chunk23_cleaved_v01.nc	145433204	11c82c0217707e27c3847b3a6f58b7fc3590d631feef7e30277530bb176ac6bb	LOCAL_ONLY_CANDIDATE_HASH_VERIFIED
cleaved	03_SMD正式生产	local	work/cprime_local_restructure_candidate_20260820/03_SMD运行/cleaved/03_SMD正式生产/本地输出/smd_chunk23_cleaved_v01.out	5700	9775943b7fbca928dde8e50971517780b315565c86a2c4815aa1276870baba48	LOCAL_ONLY_CANDIDATE_HASH_VERIFIED
cleaved	03_SMD正式生产	local	work/cprime_local_restructure_candidate_20260820/03_SMD运行/cleaved/03_SMD正式生产/本地输出/smd_chunk23_cleaved_v01.rst7	11635340	5c42e5f326167cfebf0ea2ddce848b192a0321f758c71da588c98234a5cbd9ba	LOCAL_ONLY_CANDIDATE_HASH_VERIFIED
cleaved	03_SMD正式生产	local	work/cprime_local_restructure_candidate_20260820/03_SMD运行/cleaved/03_SMD正式生产/本地输出/smd_chunk24_cleaved_v01.mdout	483888	cc24b9809a531795026c32e3cd9c3b9cab2efa5ab9436b2f6903f3a0cca549a6	LOCAL_ONLY_CANDIDATE_HASH_VERIFIED
cleaved	03_SMD正式生产	local	work/cprime_local_restructure_candidate_20260820/03_SMD运行/cleaved/03_SMD正式生产/本地输出/smd_chunk24_cleaved_v01.nc	145433204	7d552d0b3f76e257cbbff1b9416440fcd00b99873845d339560fb131f5df4a3a	LOCAL_ONLY_CANDIDATE_HASH_VERIFIED
cleaved	03_SMD正式生产	local	work/cprime_local_restructure_candidate_20260820/03_SMD运行/cleaved/03_SMD正式生产/本地输出/smd_chunk24_cleaved_v01.out	5700	8268926681521d6861a4f494ec772830bee84ed529b089d500a71c6cdff8ad75	LOCAL_ONLY_CANDIDATE_HASH_VERIFIED
cleaved	03_SMD正式生产	local	work/cprime_local_restructure_candidate_20260820/03_SMD运行/cleaved/03_SMD正式生产/本地输出/smd_chunk24_cleaved_v01.rst7	11635340	9abd93025d00641fb3c48825ea97fd5a55668b7928fd82a73fc5464269150c50	LOCAL_ONLY_CANDIDATE_HASH_VERIFIED
cleaved	03_SMD正式生产	local	work/cprime_local_restructure_candidate_20260820/03_SMD运行/cleaved/03_SMD正式生产/本地输出/smd_chunk25_cleaved_v01.mdout	483828	8e975035f3eefd6310650951db7cb512f5efb0c568f03d1a848ec1e9682219d1	LOCAL_ONLY_CANDIDATE_HASH_VERIFIED
cleaved	03_SMD正式生产	local	work/cprime_local_restructure_candidate_20260820/03_SMD运行/cleaved/03_SMD正式生产/本地输出/smd_chunk25_cleaved_v01.nc	145433204	270fcc74755e0b09545b8c5be3f2f7209bc8fca6b7bf67578b378d9e062b9488	LOCAL_ONLY_CANDIDATE_HASH_VERIFIED
cleaved	03_SMD正式生产	local	work/cprime_local_restructure_candidate_20260820/03_SMD运行/cleaved/03_SMD正式生产/本地输出/smd_chunk25_cleaved_v01.out	5700	3837d270b2790ff95ecb8cd3ad25a3a5b6828b8538bd6c9284c239aa4322974e	LOCAL_ONLY_CANDIDATE_HASH_VERIFIED
cleaved	03_SMD正式生产	local	work/cprime_local_restructure_candidate_20260820/03_SMD运行/cleaved/03_SMD正式生产/本地输出/smd_chunk25_cleaved_v01.rst7	11635340	b26e30a71f7b1229a73256cd60c81837b80dc5862ed71f1bd8dd3ee49fe1f851	LOCAL_ONLY_CANDIDATE_HASH_VERIFIED
cleaved	03_SMD正式生产	local	work/cprime_local_restructure_candidate_20260820/03_SMD运行/cleaved/03_SMD正式生产/本地输出/smd_chunk26_cleaved_v01.mdout	355168	e86e16d3848477fe2bbba2d46a38fbd40cc8142fe200c529e766857fd7db4b21	LOCAL_ONLY_CANDIDATE_HASH_VERIFIED
cleaved	03_SMD正式生产	local	work/cprime_local_restructure_candidate_20260820/03_SMD运行/cleaved/03_SMD正式生产/本地输出/smd_chunk26_cleaved_v01.nc	104712132	0eceaca82aeb5de6b8fb62ebdb32215ab6c4d4cefd70a52f652763ad656e78f4	LOCAL_ONLY_CANDIDATE_HASH_VERIFIED
cleaved	03_SMD正式生产	local	work/cprime_local_restructure_candidate_20260820/03_SMD运行/cleaved/03_SMD正式生产/本地输出/smd_chunk26_cleaved_v01.out	4104	3536b3767edd69fce417d8dc4645738a3771daafe01755ee9689030b0293bf15	LOCAL_ONLY_CANDIDATE_HASH_VERIFIED
cleaved	03_SMD正式生产	local	work/cprime_local_restructure_candidate_20260820/03_SMD运行/cleaved/03_SMD正式生产/本地输出/smd_chunk26_cleaved_v01.rst7	11635340	a48ace8de49d45be25c9c63f3afd84b7707c823898c97b27c5276464f14c941a	LOCAL_ONLY_CANDIDATE_HASH_VERIFIED
cleaved	03_SMD正式生产	local	work/cprime_local_restructure_candidate_20260820/03_SMD运行/cleaved/03_SMD正式生产/本地输出/smd_production_cleaved_v01.out	152304	0780a60808594ae92996f4e0964aca337f87d1942563d740da71784ddf4acc8e	LOCAL_ONLY_CANDIDATE_HASH_VERIFIED
cleaved	03_SMD正式生产	local	work/cprime_local_restructure_candidate_20260820/03_SMD运行/cleaved/03_SMD正式生产/本地输出/smd_quant_cleaved_v01.log	3402	54bb0dcd411426bb6403f668bde6ad68ebdb4d1f600ae6a530dd0dc11d94e8f3	LOCAL_ONLY_CANDIDATE_HASH_VERIFIED
cleaved	03_SMD正式生产	local_deployment_mirror	work/cprime_unresolved_20260820/cleaved/local/03_SMD正式生产_根目录镜像/analyze_smd.py	8374	aea068465269461d60f39be0434cc432b8ed4a650d58ffd7c96e252589e57fa3	UNRESOLVED_CONTENT_DIFFERENCE
cleaved	03_SMD正式生产	local_deployment_mirror	work/cprime_unresolved_20260820/cleaved/local/03_SMD正式生产_根目录镜像/run_smd_cleaved.sh	9279	2433d6b217fdb51d64d5ee01dc7caa5f4425c10350da0d33cf77f3c28e918e56	UNRESOLVED_CONTENT_DIFFERENCE
cleaved	03_SMD正式生产	local_deployment_mirror	work/cprime_unresolved_20260820/cleaved/local/03_SMD正式生产_根目录镜像/smd_cleaved.RST	1999	3bedbe1ecdc8845b4809a36b450fc5b9e310a1c715906a918496ec379fa9b339	EXACT_CONTENT_MATCH_REFERENCE_ONLY
cleaved	03_SMD正式生产	local_deployment_mirror	work/cprime_unresolved_20260820/cleaved/local/03_SMD正式生产_根目录镜像/smd_pull_cleaved.mdin	628	fefb8fc79b068a09fbca9919e966d8ca96317f54cd1e6d4ee85766a27fdf6eb5	UNRESOLVED_CONTENT_DIFFERENCE
cleaved	01_预平衡	local_executed	work/cprime_unresolved_20260820/cleaved/local/01_预平衡/align_min.mdin	412	3ce73e908b0357f54a839cd4ea25cf201129ad9923af330657b8101fd5467e94	EXACT_CONTENT_MATCH_REFERENCE_ONLY
cleaved	01_预平衡	local_executed	work/cprime_unresolved_20260820/cleaved/local/01_预平衡/eq1_nvt.mdin	504	6b0c7752735e720b3403b8b1ddfedfd22f58ccdc4645c407392539bf436c13a5	EXACT_CONTENT_MATCH_REFERENCE_ONLY
cleaved	01_预平衡	local_executed	work/cprime_unresolved_20260820/cleaved/local/01_预平衡/eq2_npt.mdin	526	ee09379b6b252fd14f450ce15e3b233893abba478f5fc87000e98dccb90f5e40	EXACT_CONTENT_MATCH_REFERENCE_ONLY
cleaved	01_预平衡	local_executed	work/cprime_unresolved_20260820/cleaved/local/01_预平衡/eq3_npt.mdin	526	fd93aaca3d648636b2cba8ba33846f76f3a7d029823125bd8770404b8356c71e	EXACT_CONTENT_MATCH_REFERENCE_ONLY
cleaved	01_预平衡	local_executed	work/cprime_unresolved_20260820/cleaved/local/01_预平衡/eq4_npt.mdin	472	e266561498df7cc0d165895716c2b996af0faea3fe51b8b02ceba0ce50a8d1cd	EXACT_CONTENT_MATCH_REFERENCE_ONLY
cleaved	01_预平衡	local_executed	work/cprime_unresolved_20260820/cleaved/local/01_预平衡/eq5_npt.mdin	417	2e6e8a09dafd71591c987fca5d062354579d777b6ae2dad7a0886ab88df7e9ac	EXACT_CONTENT_MATCH_REFERENCE_ONLY
cleaved	01_预平衡	local_executed	work/cprime_unresolved_20260820/cleaved/local/01_预平衡/run_equil.sh	5742	63ed474fb4e16d39a014811cc6bdc696061163b74d09260c282ae967f484bce6	UNRESOLVED_CONTENT_DIFFERENCE
cleaved	02_SMD测试	local_executed	work/cprime_unresolved_20260820/cleaved/local/02_SMD测试/analyze_smd_test.py	4606	63cdce37976d404943901f8a98cea36d0f43613622bc3eb7ecebeebb2bd9a842	LOCAL_ONLY_NO_ONLINE_BASELINE
cleaved	02_SMD测试	local_executed	work/cprime_unresolved_20260820/cleaved/local/02_SMD测试/run_smd_cleaved_test.sh	6683	039b90244a665273fdfa758d62f07ab47ef8c9c2ebb3122f237c194235484a01	LOCAL_ONLY_NO_ONLINE_BASELINE
cleaved	02_SMD测试	local_executed	work/cprime_unresolved_20260820/cleaved/local/02_SMD测试/run_smd.sh	4092	bbcdb1653a27efcff43aba23382483e3fbd37044f6c279e19ee2d37496a0969c	LOCAL_ONLY_NO_ONLINE_BASELINE
cleaved	02_SMD测试	local_executed	work/cprime_unresolved_20260820/cleaved/local/02_SMD测试/smd_chunk00.mdin	619	a6d1e757b5e291c01636127782c0b546b2a77ab4a7c8e0a18adf281750a54344	LOCAL_ONLY_NO_ONLINE_BASELINE
cleaved	02_SMD测试	local_executed	work/cprime_unresolved_20260820/cleaved/local/02_SMD测试/smd_chunk00.RST	2017	549945f04d86f418178be4ebb845dbc88947de4eef599cb215d600265f97a3fb	LOCAL_ONLY_NO_ONLINE_BASELINE
cleaved	02_SMD测试	local_executed	work/cprime_unresolved_20260820/cleaved/local/02_SMD测试/smd_chunk01.mdin	619	c8485a950cf3eefa4dc83cb74d5243d86c4c02c37dc52c2bd68ea072d3dddb70	LOCAL_ONLY_NO_ONLINE_BASELINE
cleaved	02_SMD测试	local_executed	work/cprime_unresolved_20260820/cleaved/local/02_SMD测试/smd_chunk01.RST	2017	82510f326caa1585aa5b9aa93fd298acf197d1430bbce41d5e27d29679908e53	LOCAL_ONLY_NO_ONLINE_BASELINE
cleaved	02_SMD测试	local_executed	work/cprime_unresolved_20260820/cleaved/local/02_SMD测试/smd_chunk02.mdin	619	1c54e95ab1590d68b18d59ab04ae4619961e8f83bfe65ede4d360f77e3941307	LOCAL_ONLY_NO_ONLINE_BASELINE
cleaved	02_SMD测试	local_executed	work/cprime_unresolved_20260820/cleaved/local/02_SMD测试/smd_chunk02.RST	2017	76c6ff5044c007b22a25e8719b902a3041cd7fb46ef774255ba79ecb40bb70dd	LOCAL_ONLY_NO_ONLINE_BASELINE
cleaved	02_SMD测试	local_executed	work/cprime_unresolved_20260820/cleaved/local/02_SMD测试/smd_chunk03.mdin	619	fdcb395c0aa60f215de1251a41d645b484f29cd9e93df512a4873ab3524ef72e	LOCAL_ONLY_NO_ONLINE_BASELINE
cleaved	02_SMD测试	local_executed	work/cprime_unresolved_20260820/cleaved/local/02_SMD测试/smd_chunk03.RST	2017	ef0497bc1f089c36563de166068f1279225e7954f8c6d6eb7f783f99b07780dc	LOCAL_ONLY_NO_ONLINE_BASELINE
cleaved	02_SMD测试	local_executed	work/cprime_unresolved_20260820/cleaved/local/02_SMD测试/smd_chunk04.mdin	619	602601ac7afc12500520716567013f51c0740f6d068f2ef545d6c6733ce7deba	LOCAL_ONLY_NO_ONLINE_BASELINE
cleaved	02_SMD测试	local_executed	work/cprime_unresolved_20260820/cleaved/local/02_SMD测试/smd_chunk04.RST	2017	0baa6e8811b1f37c27a6e4dbb82c63ed5a8cc3006bd8764aabb435e707d5ddb2	LOCAL_ONLY_NO_ONLINE_BASELINE
cleaved	02_SMD测试	local_executed	work/cprime_unresolved_20260820/cleaved/local/02_SMD测试/smd_chunk05.mdin	619	e1907e1be66515988eb3691084653dd7697698d5674a798291e8eadb05471386	LOCAL_ONLY_NO_ONLINE_BASELINE
cleaved	02_SMD测试	local_executed	work/cprime_unresolved_20260820/cleaved/local/02_SMD测试/smd_chunk05.RST	2017	3631cd6067a422da61fe2ba1c96f3094ce2d5f4e5e7d28a657484abdf4186a3e	LOCAL_ONLY_NO_ONLINE_BASELINE
cleaved	02_SMD测试	local_executed	work/cprime_unresolved_20260820/cleaved/local/02_SMD测试/smd_cleaved_test.RST	1999	5714b00ba8ec4d0b241d3f028b11dbd19701de7250d4c9df8c1d1124f3c85fe2	LOCAL_ONLY_NO_ONLINE_BASELINE
cleaved	02_SMD测试	local_executed	work/cprime_unresolved_20260820/cleaved/local/02_SMD测试/smd_pull_cleaved_test.mdin	604	2a33433aa3b9f90df0650e7e5e2e5e7eefc36de5fb27d996fd96c360470dc61b	LOCAL_ONLY_NO_ONLINE_BASELINE
cleaved	02_SMD测试	local_executed	work/cprime_unresolved_20260820/cleaved/local/02_SMD测试/smd_pull.mdin	563	634076eacd93e0a1989809448400ef722ac2c397837873770251361e4f5ed9c1	LOCAL_ONLY_NO_ONLINE_BASELINE
cleaved	03_SMD正式生产	local_executed	work/cprime_unresolved_20260820/cleaved/local/03_SMD正式生产/analyze_smd.py	8374	aea068465269461d60f39be0434cc432b8ed4a650d58ffd7c96e252589e57fa3	UNRESOLVED_CONTENT_DIFFERENCE
cleaved	03_SMD正式生产	local_executed	work/cprime_unresolved_20260820/cleaved/local/03_SMD正式生产/run_smd_cleaved.sh	9279	2433d6b217fdb51d64d5ee01dc7caa5f4425c10350da0d33cf77f3c28e918e56	UNRESOLVED_CONTENT_DIFFERENCE
cleaved	03_SMD正式生产	local_executed	work/cprime_unresolved_20260820/cleaved/local/03_SMD正式生产/smd_chunk00.mdin	635	49fa9553d549d1e7f6827e3d5c814248d70291c44f6ac09ae963cc9bbf812a47	LOCAL_ONLY_NO_ONLINE_BASELINE
cleaved	03_SMD正式生产	local_executed	work/cprime_unresolved_20260820/cleaved/local/03_SMD正式生产/smd_chunk00.RST	2017	1e1ccc96eb74b7a73db6a812b58c403b2fc4a543b90f157fa3b502dfa8e84ec3	LOCAL_ONLY_NO_ONLINE_BASELINE
cleaved	03_SMD正式生产	local_executed	work/cprime_unresolved_20260820/cleaved/local/03_SMD正式生产/smd_chunk01.mdin	635	7cc31ad63f2ec653e25812bc9df78c490c9afd8591b6ad60b20eed309c0e3389	LOCAL_ONLY_NO_ONLINE_BASELINE
cleaved	03_SMD正式生产	local_executed	work/cprime_unresolved_20260820/cleaved/local/03_SMD正式生产/smd_chunk01.RST	2017	0885b0eb53e4622a28fc9f0c36fea67da606d4d2b91321bc3a9fbb99321a2b66	LOCAL_ONLY_NO_ONLINE_BASELINE
cleaved	03_SMD正式生产	local_executed	work/cprime_unresolved_20260820/cleaved/local/03_SMD正式生产/smd_chunk02.mdin	635	f356e0ce3fcc33ef84ebcbf77c2d64ec3583712a1a680395666204366d34659a	LOCAL_ONLY_NO_ONLINE_BASELINE
cleaved	03_SMD正式生产	local_executed	work/cprime_unresolved_20260820/cleaved/local/03_SMD正式生产/smd_chunk02.RST	2017	06d002ffe29dca568d40f3d2d3bb5f372b180b7c2a29073ee74c33c79b9ea3b2	LOCAL_ONLY_NO_ONLINE_BASELINE
cleaved	03_SMD正式生产	local_executed	work/cprime_unresolved_20260820/cleaved/local/03_SMD正式生产/smd_chunk03.mdin	635	4ac337dd9204d19d8422b4b98ee02e21b6d64f06c4a49aef91863ab14a7a0789	LOCAL_ONLY_NO_ONLINE_BASELINE
cleaved	03_SMD正式生产	local_executed	work/cprime_unresolved_20260820/cleaved/local/03_SMD正式生产/smd_chunk03.RST	2017	a0ce315ef5f85b8cdc1a275e3216c68003c32107ec39d524796f18edfc38d470	LOCAL_ONLY_NO_ONLINE_BASELINE
cleaved	03_SMD正式生产	local_executed	work/cprime_unresolved_20260820/cleaved/local/03_SMD正式生产/smd_chunk04.mdin	635	837c7da99903365705e975b9aee2d18196d9a3c72369d95c3c5932ab1dad4f09	LOCAL_ONLY_NO_ONLINE_BASELINE
cleaved	03_SMD正式生产	local_executed	work/cprime_unresolved_20260820/cleaved/local/03_SMD正式生产/smd_chunk04.RST	2017	4c9e34e54df5a53db22cdbdf9e531b500b9505ac323948f35ddf485fa9f941ad	LOCAL_ONLY_NO_ONLINE_BASELINE
cleaved	03_SMD正式生产	local_executed	work/cprime_unresolved_20260820/cleaved/local/03_SMD正式生产/smd_chunk05.mdin	635	49100b4de0a8006355769b14487144ffa69fd4a2005d8f2a66099ec497d2ce3f	LOCAL_ONLY_NO_ONLINE_BASELINE
cleaved	03_SMD正式生产	local_executed	work/cprime_unresolved_20260820/cleaved/local/03_SMD正式生产/smd_chunk05.RST	2017	3bba6e77c302e2fa484cc7405540cf3e0f6b1cdedd05a568a51f172477110c4a	LOCAL_ONLY_NO_ONLINE_BASELINE
cleaved	03_SMD正式生产	local_executed	work/cprime_unresolved_20260820/cleaved/local/03_SMD正式生产/smd_chunk06.mdin	635	269b7100a95e3bd8e338d8675c246b408ebc2afcccf18787b6c93066c58b6229	LOCAL_ONLY_NO_ONLINE_BASELINE
cleaved	03_SMD正式生产	local_executed	work/cprime_unresolved_20260820/cleaved/local/03_SMD正式生产/smd_chunk06.RST	2017	2384459a6b115e28351aae918c5458675ad9eb3cea876f4b5b62d8065222027e	LOCAL_ONLY_NO_ONLINE_BASELINE
cleaved	03_SMD正式生产	local_executed	work/cprime_unresolved_20260820/cleaved/local/03_SMD正式生产/smd_chunk07.mdin	635	047d2629e2e2e1a6693290baadb71b9c789225fc454934df49a281ebe4cae7af	LOCAL_ONLY_NO_ONLINE_BASELINE
cleaved	03_SMD正式生产	local_executed	work/cprime_unresolved_20260820/cleaved/local/03_SMD正式生产/smd_chunk07.RST	2017	df7a34614fc14e85c3d8ce3c4c39636c509d46ef33b6e0047594084ffd9ef8ea	LOCAL_ONLY_NO_ONLINE_BASELINE
cleaved	03_SMD正式生产	local_executed	work/cprime_unresolved_20260820/cleaved/local/03_SMD正式生产/smd_chunk08.mdin	635	b788f95b3f015574512ba19f3ea120317b47894855b793a893af1fa499acd39b	LOCAL_ONLY_NO_ONLINE_BASELINE
cleaved	03_SMD正式生产	local_executed	work/cprime_unresolved_20260820/cleaved/local/03_SMD正式生产/smd_chunk08.RST	2017	e287e6b5f03b57cb915cc09a7a2699f1d2cf5b814cd2af6741c8f4e27d49d427	LOCAL_ONLY_NO_ONLINE_BASELINE
cleaved	03_SMD正式生产	local_executed	work/cprime_unresolved_20260820/cleaved/local/03_SMD正式生产/smd_chunk09.mdin	635	4dd22f1a4de874ccebffee027df22706da6503bced7f7428dd0e1ea473c1d8c3	LOCAL_ONLY_NO_ONLINE_BASELINE
cleaved	03_SMD正式生产	local_executed	work/cprime_unresolved_20260820/cleaved/local/03_SMD正式生产/smd_chunk09.RST	2017	a770081518f6de2cedd19746e0cced22bca96406ba1de5d219605890fc71a7de	LOCAL_ONLY_NO_ONLINE_BASELINE
cleaved	03_SMD正式生产	local_executed	work/cprime_unresolved_20260820/cleaved/local/03_SMD正式生产/smd_chunk10.mdin	635	7c55213baf4e61857c6c46163cea72b01fff7380f6d8fc871d350d471e704db4	LOCAL_ONLY_NO_ONLINE_BASELINE
cleaved	03_SMD正式生产	local_executed	work/cprime_unresolved_20260820/cleaved/local/03_SMD正式生产/smd_chunk10.RST	2017	2250fa502bace55ee004e52aa903bea70ab7f149c9e1df74a7d8e78404d5a12a	LOCAL_ONLY_NO_ONLINE_BASELINE
cleaved	03_SMD正式生产	local_executed	work/cprime_unresolved_20260820/cleaved/local/03_SMD正式生产/smd_chunk11.mdin	635	9d6922526cf2aadffd37982a488a76d7bae43705c263ddb2c026d748ec1d1495	LOCAL_ONLY_NO_ONLINE_BASELINE
cleaved	03_SMD正式生产	local_executed	work/cprime_unresolved_20260820/cleaved/local/03_SMD正式生产/smd_chunk11.RST	2017	5fddca9d104fc741dacf4def2de780a4ac80351b821161352fdd700ef8ebe853	LOCAL_ONLY_NO_ONLINE_BASELINE
cleaved	03_SMD正式生产	local_executed	work/cprime_unresolved_20260820/cleaved/local/03_SMD正式生产/smd_chunk12.mdin	635	3f4e1d70f49c0a453a519d18c85273c39c0253d0f485b09e7a5f49e0a979373a	LOCAL_ONLY_NO_ONLINE_BASELINE
cleaved	03_SMD正式生产	local_executed	work/cprime_unresolved_20260820/cleaved/local/03_SMD正式生产/smd_chunk12.RST	2017	a207ec4de85c0273e655c6dcff5f6c074907d5d6c3feb2ae0c8fc087d4ca6474	LOCAL_ONLY_NO_ONLINE_BASELINE
cleaved	03_SMD正式生产	local_executed	work/cprime_unresolved_20260820/cleaved/local/03_SMD正式生产/smd_chunk13.mdin	635	47d4f7c77664121aeb7cf4b100a04b4529cef6cecf6c66d91b5b6664ec555b8b	LOCAL_ONLY_NO_ONLINE_BASELINE
cleaved	03_SMD正式生产	local_executed	work/cprime_unresolved_20260820/cleaved/local/03_SMD正式生产/smd_chunk13.RST	2017	bfe66e77821ae94caf9f5c1ab560ea2bbec8d04ae39f5917fdc8bdd86f91c8f9	LOCAL_ONLY_NO_ONLINE_BASELINE
cleaved	03_SMD正式生产	local_executed	work/cprime_unresolved_20260820/cleaved/local/03_SMD正式生产/smd_chunk14.mdin	635	15717b2e9477123b3bc045cc1113273e45ea1e080bda487ab21e8d2a83b0730f	LOCAL_ONLY_NO_ONLINE_BASELINE
cleaved	03_SMD正式生产	local_executed	work/cprime_unresolved_20260820/cleaved/local/03_SMD正式生产/smd_chunk14.RST	2017	7250e854855b94647d029d6a8687aafb1b5c81454346089a8797a9ff0582e6be	LOCAL_ONLY_NO_ONLINE_BASELINE
cleaved	03_SMD正式生产	local_executed	work/cprime_unresolved_20260820/cleaved/local/03_SMD正式生产/smd_chunk15.mdin	635	7189edafcf4fa02843dc2ff6b9109bd62fa9be16be35115e74b9fc65a0bb2c65	LOCAL_ONLY_NO_ONLINE_BASELINE
cleaved	03_SMD正式生产	local_executed	work/cprime_unresolved_20260820/cleaved/local/03_SMD正式生产/smd_chunk15.RST	2017	f255069f3764c373ad597d276728f6eb25825d629c61ceb8052ee11d6f80d3d1	LOCAL_ONLY_NO_ONLINE_BASELINE
cleaved	03_SMD正式生产	local_executed	work/cprime_unresolved_20260820/cleaved/local/03_SMD正式生产/smd_chunk16.mdin	635	80843355feb6923c2484601bb8ccd0bf30292e3eff3b3b7d278f7e441813e43d	LOCAL_ONLY_NO_ONLINE_BASELINE
cleaved	03_SMD正式生产	local_executed	work/cprime_unresolved_20260820/cleaved/local/03_SMD正式生产/smd_chunk16.RST	2017	999098d5262fc6176857c28f14469d6ca36841d542f5c26043bffdbbcc4d1a51	LOCAL_ONLY_NO_ONLINE_BASELINE
cleaved	03_SMD正式生产	local_executed	work/cprime_unresolved_20260820/cleaved/local/03_SMD正式生产/smd_chunk17.mdin	635	00445d6956369e07982768fddd33c0f22b421f5073ed7cc50dae84ebc4f9e0ba	LOCAL_ONLY_NO_ONLINE_BASELINE
cleaved	03_SMD正式生产	local_executed	work/cprime_unresolved_20260820/cleaved/local/03_SMD正式生产/smd_chunk17.RST	2017	48a68ca67ef046d122b727478f4452937a2c7a4cb67bb4b6292728e734bde5e9	LOCAL_ONLY_NO_ONLINE_BASELINE
cleaved	03_SMD正式生产	local_executed	work/cprime_unresolved_20260820/cleaved/local/03_SMD正式生产/smd_chunk18.mdin	635	617fb2bee2625cbc949eb8da86d6fd6cc7cc4d4c53bb0050387b435a78b328d5	LOCAL_ONLY_NO_ONLINE_BASELINE
cleaved	03_SMD正式生产	local_executed	work/cprime_unresolved_20260820/cleaved/local/03_SMD正式生产/smd_chunk18.RST	2017	d31c8d8aec9f680e40e81939d6af6d4bd71df9d3b3e0815f10e19509910db4ed	LOCAL_ONLY_NO_ONLINE_BASELINE
cleaved	03_SMD正式生产	local_executed	work/cprime_unresolved_20260820/cleaved/local/03_SMD正式生产/smd_chunk19.mdin	635	8c8d27ad7350e565df53caa5036ae70772146ca14aa4c34a35f0e833fb297afa	LOCAL_ONLY_NO_ONLINE_BASELINE
cleaved	03_SMD正式生产	local_executed	work/cprime_unresolved_20260820/cleaved/local/03_SMD正式生产/smd_chunk19.RST	2017	459ca5a91264237a11fd630a83a7128b1ddcfa7061e80ce51dd32b1dd7d4d88d	LOCAL_ONLY_NO_ONLINE_BASELINE
cleaved	03_SMD正式生产	local_executed	work/cprime_unresolved_20260820/cleaved/local/03_SMD正式生产/smd_chunk20.mdin	635	6804f3c4709ac6dc3b7fbd3e1489aad94cda6453d185c45e0389bffc9a38c9b0	LOCAL_ONLY_NO_ONLINE_BASELINE
cleaved	03_SMD正式生产	local_executed	work/cprime_unresolved_20260820/cleaved/local/03_SMD正式生产/smd_chunk20.RST	2017	0d2bbd0dab5115ec7e0cfb0827ed19d528e02d1f94565b2de992b72dd7432c84	LOCAL_ONLY_NO_ONLINE_BASELINE
cleaved	03_SMD正式生产	local_executed	work/cprime_unresolved_20260820/cleaved/local/03_SMD正式生产/smd_chunk21.mdin	635	74f8d3af287eb5b37ff7c731a921a6966e1f17e56eb948b1bb58211b58847316	LOCAL_ONLY_NO_ONLINE_BASELINE
cleaved	03_SMD正式生产	local_executed	work/cprime_unresolved_20260820/cleaved/local/03_SMD正式生产/smd_chunk21.RST	2017	b712604cdd2f36ea020eb91f194360eb233a2572c69b8300d2e080a15c5766ef	LOCAL_ONLY_NO_ONLINE_BASELINE
cleaved	03_SMD正式生产	local_executed	work/cprime_unresolved_20260820/cleaved/local/03_SMD正式生产/smd_chunk22.mdin	635	eb734e0305f32fa2480f576ee4a4c72b11ee0b2063a884f3e865082785639d7c	LOCAL_ONLY_NO_ONLINE_BASELINE
cleaved	03_SMD正式生产	local_executed	work/cprime_unresolved_20260820/cleaved/local/03_SMD正式生产/smd_chunk22.RST	2017	ff0543a883f643c883fdb133bff7269d1dbb45d9ac559a4cbabfd1f511762647	LOCAL_ONLY_NO_ONLINE_BASELINE
cleaved	03_SMD正式生产	local_executed	work/cprime_unresolved_20260820/cleaved/local/03_SMD正式生产/smd_chunk23.mdin	635	2ce89cfebdeaa2e0804598f4d4f0306a0606114c96287971c0ad803a5c0463df	LOCAL_ONLY_NO_ONLINE_BASELINE
cleaved	03_SMD正式生产	local_executed	work/cprime_unresolved_20260820/cleaved/local/03_SMD正式生产/smd_chunk23.RST	2017	03f6833a95211e4d6f13fdff26cf1cbb2fb7781f1d9fdfac549d2c6e4185287a	LOCAL_ONLY_NO_ONLINE_BASELINE
cleaved	03_SMD正式生产	local_executed	work/cprime_unresolved_20260820/cleaved/local/03_SMD正式生产/smd_chunk24.mdin	635	1b4e0981f13aba87e0d03acb6a93c6dff2702530122da76d0505f16059d74f26	LOCAL_ONLY_NO_ONLINE_BASELINE
cleaved	03_SMD正式生产	local_executed	work/cprime_unresolved_20260820/cleaved/local/03_SMD正式生产/smd_chunk24.RST	2017	0fe6c176e6a36be49b712d1ebf01432026dd114e6272f3b73d238d0267b8e3ac	LOCAL_ONLY_NO_ONLINE_BASELINE
cleaved	03_SMD正式生产	local_executed	work/cprime_unresolved_20260820/cleaved/local/03_SMD正式生产/smd_chunk25.mdin	635	aea9360ea59a5f92253b7ef26ef3ece6abd7ba1eafc491c7781866811a3a4fbc	LOCAL_ONLY_NO_ONLINE_BASELINE
cleaved	03_SMD正式生产	local_executed	work/cprime_unresolved_20260820/cleaved/local/03_SMD正式生产/smd_chunk25.RST	2017	05ec6abf54cd354adfeb651ff854dadf8e48ea0b094ba97934486f76997c7394	LOCAL_ONLY_NO_ONLINE_BASELINE
cleaved	03_SMD正式生产	local_executed	work/cprime_unresolved_20260820/cleaved/local/03_SMD正式生产/smd_chunk26.mdin	635	0690dad60d7f39250728de86f7bdf8939761a8d1809a6954668822cc61a8febf	LOCAL_ONLY_NO_ONLINE_BASELINE
cleaved	03_SMD正式生产	local_executed	work/cprime_unresolved_20260820/cleaved/local/03_SMD正式生产/smd_chunk26.RST	2017	c63ad884e691511725d1f312e31236bb0309fcaab42ffd15743d1d25b397248d	LOCAL_ONLY_NO_ONLINE_BASELINE
cleaved	03_SMD正式生产	local_executed	work/cprime_unresolved_20260820/cleaved/local/03_SMD正式生产/smd_cleaved.RST	1999	3bedbe1ecdc8845b4809a36b450fc5b9e310a1c715906a918496ec379fa9b339	EXACT_CONTENT_MATCH_REFERENCE_ONLY
cleaved	03_SMD正式生产	local_executed	work/cprime_unresolved_20260820/cleaved/local/03_SMD正式生产/smd_pull_cleaved.mdin	628	fefb8fc79b068a09fbca9919e966d8ca96317f54cd1e6d4ee85766a27fdf6eb5	UNRESOLVED_CONTENT_DIFFERENCE
cleaved	04_接触分析	local_executed	work/cprime_unresolved_20260820/cleaved/local/04_接触分析/analyze_smd_contacts.py	20990	fbb6e40e22c522ca12364b929b8ffa4ddcb2f8fbbbd7963c24d2016ff54793d7	UNRESOLVED_CONTENT_DIFFERENCE
cleaved	03_SMD运行	online_package	work/cprime_unresolved_20260820/cleaved/online/03_SMD运行/align_min_cleaved_v01.mdin	412	3ce73e908b0357f54a839cd4ea25cf201129ad9923af330657b8101fd5467e94	EXACT_CONTENT_MATCH_REFERENCE_ONLY
cleaved	03_SMD运行	online_package	work/cprime_unresolved_20260820/cleaved/online/03_SMD运行/eq1_nvt_cleaved_v01.mdin	504	6b0c7752735e720b3403b8b1ddfedfd22f58ccdc4645c407392539bf436c13a5	EXACT_CONTENT_MATCH_REFERENCE_ONLY
cleaved	03_SMD运行	online_package	work/cprime_unresolved_20260820/cleaved/online/03_SMD运行/eq2_npt_cleaved_v01.mdin	526	ee09379b6b252fd14f450ce15e3b233893abba478f5fc87000e98dccb90f5e40	EXACT_CONTENT_MATCH_REFERENCE_ONLY
cleaved	03_SMD运行	online_package	work/cprime_unresolved_20260820/cleaved/online/03_SMD运行/eq3_npt_cleaved_v01.mdin	526	fd93aaca3d648636b2cba8ba33846f76f3a7d029823125bd8770404b8356c71e	EXACT_CONTENT_MATCH_REFERENCE_ONLY
cleaved	03_SMD运行	online_package	work/cprime_unresolved_20260820/cleaved/online/03_SMD运行/eq4_npt_cleaved_v01.mdin	472	e266561498df7cc0d165895716c2b996af0faea3fe51b8b02ceba0ce50a8d1cd	EXACT_CONTENT_MATCH_REFERENCE_ONLY
cleaved	03_SMD运行	online_package	work/cprime_unresolved_20260820/cleaved/online/03_SMD运行/eq5_npt_cleaved_v01.mdin	417	2e6e8a09dafd71591c987fca5d062354579d777b6ae2dad7a0886ab88df7e9ac	EXACT_CONTENT_MATCH_REFERENCE_ONLY
cleaved	03_SMD运行	online_package	work/cprime_unresolved_20260820/cleaved/online/03_SMD运行/run_equil_cleaved_v01.sh	5924	dea2281cf984e165f953b788dad57d16574f20520b2aac366f5720e8c83509e2	UNRESOLVED_CONTENT_DIFFERENCE
cleaved	03_SMD运行	online_package	work/cprime_unresolved_20260820/cleaved/online/03_SMD运行/run_smd_cleaved_v03.sh	9357	e4ea100552813d7e9dbe1ceabc50bc15e2c8da635d013dc21d495cf74bf90ed2	UNRESOLVED_CONTENT_DIFFERENCE
cleaved	03_SMD运行	online_package	work/cprime_unresolved_20260820/cleaved/online/03_SMD运行/smd_cleaved_v02.RST	1999	3bedbe1ecdc8845b4809a36b450fc5b9e310a1c715906a918496ec379fa9b339	EXACT_CONTENT_MATCH_REFERENCE_ONLY
cleaved	03_SMD运行	online_package	work/cprime_unresolved_20260820/cleaved/online/03_SMD运行/smd_pull_cleaved_v03.mdin	644	cf93f5e7325e365a7f13999ee4c55b0432d7caa241fc333c867c6d633b4ce040	UNRESOLVED_CONTENT_DIFFERENCE
cleaved	04_分析	online_package	work/cprime_unresolved_20260820/cleaved/online/04_分析/analyze_smd_cleaved_v03.py	9737	7ed1681f479d340177014042b933fbf6ea7e66ec04b942de0d41e9bfc1d32fc8	UNRESOLVED_CONTENT_DIFFERENCE
cleaved	04_分析	online_package	work/cprime_unresolved_20260820/cleaved/online/04_分析/analyze_smd_contacts_cleaved_v02.py	21384	ae736b236af88a4113261a07281bed4dcb602ed4e452847c35aaee65fcdafa3e	UNRESOLVED_CONTENT_DIFFERENCE
cleaved	04_分析	online_package	work/cprime_unresolved_20260820/cleaved/online/04_分析/launch_all_replicas_cleaved_v01.sh	1802	2c2964931a0539e46edfc9357c0a82dc8c8cbb984c745d3908159b6ee26214fb	LOCAL_ONLY_NO_ONLINE_BASELINE
cleaved	04_分析	online_package	work/cprime_unresolved_20260820/cleaved/online/04_分析/run_replica_cleaved_v01.sh	10091	4151ae31b3d66cbb6a1ef4f1b44f46d7faf9fa80241325fa9cf001d8a314ea03	LOCAL_ONLY_NO_ONLINE_BASELINE
